-- phpMyAdmin SQL Dump
-- version 5.2.1
-- https://www.phpmyadmin.net/
--
-- Hôte : localhost:8889
-- Généré le : mer. 11 mars 2026 à 09:10
-- Version du serveur : 8.0.40
-- Version de PHP : 8.3.14

SET SQL_MODE = "NO_AUTO_VALUE_ON_ZERO";
START TRANSACTION;
SET time_zone = "+00:00";


/*!40101 SET @OLD_CHARACTER_SET_CLIENT=@@CHARACTER_SET_CLIENT */;
/*!40101 SET @OLD_CHARACTER_SET_RESULTS=@@CHARACTER_SET_RESULTS */;
/*!40101 SET @OLD_COLLATION_CONNECTION=@@COLLATION_CONNECTION */;
/*!40101 SET NAMES utf8mb4 */;

--
-- Base de données : `fit`
--

-- --------------------------------------------------------

--
-- Structure de la table `Activities`
--

CREATE TABLE `Activities` (
  `id` int NOT NULL,
  `stravaId` bigint NOT NULL,
  `type` varchar(255) COLLATE utf8mb4_unicode_ci NOT NULL DEFAULT 'Other',
  `name` varchar(255) COLLATE utf8mb4_unicode_ci DEFAULT NULL,
  `distance` float DEFAULT '0',
  `movingTime` int DEFAULT '0',
  `totalElevationGain` float DEFAULT '0',
  `averageSpeed` float DEFAULT NULL,
  `averageHeartrate` float DEFAULT NULL,
  `maxHeartrate` float DEFAULT NULL,
  `calories` int DEFAULT NULL,
  `sufferScore` int DEFAULT NULL,
  `averageWatts` float DEFAULT NULL,
  `startDate` datetime NOT NULL,
  `commute` tinyint(1) NOT NULL DEFAULT '0',
  `trainer` tinyint(1) NOT NULL DEFAULT '0',
  `gearId` varchar(255) COLLATE utf8mb4_unicode_ci DEFAULT NULL,
  `raw` json DEFAULT NULL,
  `createdAt` datetime NOT NULL,
  `updatedAt` datetime NOT NULL,
  `userId` int DEFAULT NULL
) ENGINE=InnoDB DEFAULT CHARSET=utf8mb4 COLLATE=utf8mb4_unicode_ci;

--
-- Déchargement des données de la table `Activities`
--

INSERT INTO `Activities` (`id`, `stravaId`, `type`, `name`, `distance`, `movingTime`, `totalElevationGain`, `averageSpeed`, `averageHeartrate`, `maxHeartrate`, `calories`, `sufferScore`, `averageWatts`, `startDate`, `commute`, `trainer`, `gearId`, `raw`, `createdAt`, `updatedAt`, `userId`) VALUES
(1, 16806087221, 'Ride', 'Comme mon amis Cody', 0, 2404, 0, NULL, 123.6, 145, NULL, NULL, NULL, '2025-12-21 20:11:02', 0, 1, NULL, '{\"id\": 16806087221, \"map\": {\"id\": \"a16806087221\", \"resource_state\": 2, \"summary_polyline\": \"\"}, \"name\": \"Comme mon amis Cody\", \"type\": \"Ride\", \"manual\": false, \"athlete\": {\"id\": 157684209, \"resource_state\": 1}, \"commute\": false, \"flagged\": false, \"gear_id\": null, \"private\": false, \"trainer\": true, \"distance\": 0, \"elev_low\": 0, \"pr_count\": 0, \"timezone\": \"(GMT+01:00) Africa/Algiers\", \"elev_high\": 0, \"max_speed\": 0, \"upload_id\": 17897229394, \"end_latlng\": [], \"has_kudoed\": false, \"sport_type\": \"Ride\", \"start_date\": \"2025-12-21T20:11:02Z\", \"utc_offset\": 3600, \"visibility\": \"everyone\", \"device_name\": \"Apple Watch SE\", \"external_id\": \"93305EB1-0372-47CA-A911-B52B7A1215E9.fit\", \"kudos_count\": 1, \"moving_time\": 2404, \"photo_count\": 0, \"elapsed_time\": 2404, \"start_latlng\": [], \"workout_type\": 10, \"athlete_count\": 1, \"average_speed\": 0, \"comment_count\": 0, \"has_heartrate\": true, \"location_city\": null, \"max_heartrate\": 145, \"upload_id_str\": \"17897229394\", \"location_state\": null, \"resource_state\": 2, \"location_country\": null, \"start_date_local\": \"2025-12-21T21:11:02Z\", \"achievement_count\": 0, \"average_heartrate\": 123.6, \"from_accepted_tag\": false, \"heartrate_opt_out\": false, \"total_photo_count\": 0, \"total_elevation_gain\": 0, \"display_hide_heartrate_option\": true}', '2026-03-05 13:15:35', '2026-03-05 13:15:36', 1),
(2, 16741972808, 'Ride', 'Sortie vélo dans l\'après-midi', 18076.3, 2515, 13, 7.187, 172.9, 192, NULL, NULL, 125.3, '2025-12-14 15:10:26', 0, 0, NULL, '{\"id\": 16741972808, \"map\": {\"id\": \"a16741972808\", \"resource_state\": 2, \"summary_polyline\": \"ajxpGjsnBVk@|@gAz@yAJGV?XDr@Xz@l@pAp@^ZpAt@XJTBHDbA~@d@Nt@d@F@FALO`@w@x@kCj@oALeAZ_A\\\\k@No@BQT[Pq@Rg@PYL[n@iBh@s@H@h@`@z@z@lB~AlA|@hC|AtAl@nBl@v@ZbEv@pAPbAFhC?xAKxASlHuAfDm@^CnAUz@UpDqA~Ag@tAm@nCkBxAiAdAaA\\\\WjAkAfC_Dx@iA~@gANa@A_@m@kAmBgD]u@}JoROS]MEMBKHId@q@FAPHD?NG^[~ByCt@o@Za@rGoLzFqKpAyCx@oBRm@rAsCTo@T]dBmE\\\\o@V]`@iAXiAj@_BfH{PXw@~@sBnDkIrBaFtBqEfEoIr@_BxBeEnAwBfCyDnDuEdBaCf@i@z@s@VOhBoB|AwAlC}B~BmAfEaC\\\\Ul@y@rBoAnBcAtDyBnCqAvA_AFCZEpLwGd@]vD{BdLuGvBuAzCeBj@_@PUTSb@Sl@KLGbAq@hGeDpF{CnDaCn@g@n@a@bA_AvDuC`By@|A_A`Au@`BeAzJ_FfDyAp@UbAW`Dq@tFqAzBc@bBWt@IhFUh@?bDMdC?lDLbCIfECl@EtB[t@CrFD|ACh@Gx@C`CSfAExEg@f@CFALGFQ@SCWCDAXEHONIBcBHmD^eGb@mADaDA}B@gAD{ARm@DwA@y@DgB?cBDiAAy@Ew@?kEHiGRkAF}@Hu@NyK`C{AXsA\\\\uAd@w@\\\\eA`@_Bt@eLbG{@p@_EzBoA|@{BfBgA`AiBvAsChBsIpEsElCs@Rg@Ru@VY`@QPwRbL{EvC{GzDsFdDODIMIEM@IBmFjD{IbFe@^c@p@UPcB~@}@h@yBbAkAr@qD`DqFlFaFrGeAxAaEjGiBbDsAtCsF|KqArCkAzCi@fAyApDq@vAoA`DsFhMcB~Dm@`BUt@g@pAs@hAq@vBs@bBc@|@iF`M}@fBaB|CqCbF_ClEy@vAw@bB\"}, \"name\": \"Sortie vélo dans l\'après-midi\", \"type\": \"Ride\", \"manual\": false, \"athlete\": {\"id\": 157684209, \"resource_state\": 1}, \"commute\": false, \"flagged\": false, \"gear_id\": null, \"private\": false, \"trainer\": false, \"distance\": 18076.3, \"elev_low\": 3.4, \"pr_count\": 14, \"timezone\": \"(GMT+01:00) Europe/Paris\", \"elev_high\": 14.4, \"max_speed\": 11.12, \"upload_id\": 17832320543, \"end_latlng\": [44.838448, -0.558755], \"has_kudoed\": false, \"kilojoules\": 315, \"sport_type\": \"Ride\", \"start_date\": \"2025-12-14T15:10:26Z\", \"utc_offset\": 3600, \"visibility\": \"everyone\", \"device_name\": \"Wahoo ELEMNT BOLT\", \"external_id\": \"2025-12-14-151026-ELEMNT BOLT D35F-35-0.fit\", \"kudos_count\": 2, \"moving_time\": 2515, \"photo_count\": 0, \"average_temp\": 6, \"device_watts\": false, \"elapsed_time\": 2540, \"start_latlng\": [44.858093, -0.571572], \"workout_type\": null, \"athlete_count\": 1, \"average_speed\": 7.187, \"average_watts\": 125.3, \"comment_count\": 0, \"has_heartrate\": true, \"location_city\": null, \"max_heartrate\": 192, \"upload_id_str\": \"17832320543\", \"location_state\": null, \"resource_state\": 2, \"location_country\": null, \"start_date_local\": \"2025-12-14T16:10:26Z\", \"achievement_count\": 17, \"average_heartrate\": 172.9, \"from_accepted_tag\": false, \"heartrate_opt_out\": false, \"total_photo_count\": 0, \"total_elevation_gain\": 13, \"display_hide_heartrate_option\": true}', '2026-03-05 13:15:35', '2026-03-05 13:15:36', 1),
(3, 16675353720, 'Ride', 'Sortie vélo le midi', 20654.4, 3261, 51, 6.334, 151.9, 171, NULL, NULL, 98.6, '2025-12-07 11:57:27', 0, 0, NULL, '{\"id\": 16675353720, \"map\": {\"id\": \"a16675353720\", \"resource_state\": 2, \"summary_polyline\": \"wixpGfsnBPOZk@n@y@x@mAJY?KHERa@fBoC@EiAwBuCeESq@c@k@We@c@c@CG@IhAoAnCuDlDkEfA}AfAkAHQB]GWgAwByAwBYm@?_@Mm@kA{BcAcCKa@Tc@G_@kCgGWoAe@gAcAwC_@}@Oo@e@sAaBgEGi@gAiCCi@?KHOvJ}JjA{Az@cAjEwEl@m@HC@DCJY\\\\@LrAxEtD|LJt@VdAdAzC^rApCnIlA`Dn@`AxBnFzA`DpEzHfA`BbBzBT^B@FE^aALSFAhAjBx@bAnAlBT?v@bAj@d@^Nj@L~Av@XH|ALr@C~FaAvBOrAQpAa@pBqAd@_@X[v@yAl@}@ZQ\\\\]|@mAVGVLN@NIb@eAjDiEl@i@f@{@xBqCPQ^KNMDc@Ga@?SDSvD}GdJ_QpDmIz@qBX{@pB{EhA}BRi@T}@nMuZdG{NtBuEbEeI\\\\y@fAyBhAuBpD}FzAwBfEsFHUR}@Xm@JG\\\\NNVbFpMvBdFfBrER`@z@|CZ`A|@tB\\\\h@`@pAr@bBr@`At@|AnAzCjDtH|@vBn@lARj@p@rArA|CNb@r@rAlCtGhAdCj@xAV^fDbItEhK`@dA|@fBxAjD\\\\dA\\\\~APbC?d@Et@uA|Ny@fJOxASjCq@fGk@tHMlAo@hIU|BQpAe@bGi@dEAb@Mj@Wj@aElH[n@qCzEoEtImG|Ku@zAgB~C}@tA_DtF{@fBeAdBm@hAuApCmCzEaDdGuC|E_ChE[v@{CvE_@x@uCpF_B~ByDfHaAxA{@zAoErHkDpFq@lAs@l@wDVuCF{Ed@oL`@sF`@}FR_DDwMl@yBNwA@cAMcCm@sEuAsHeCqEqAeBs@wDqC}@c@cDaCiAc@uBsAaBuA_Ak@m@e@}ByA{@_@yAgAqCeBw@k@oAmAi@[g@a@gC_BaAw@w@_@aCgBsA{@iA{@eBcAm@m@kDqB_Aw@w@_AqAgBu@sAYq@eBcGiCkIeA{D[o@g@uAg@kAe@wBiAsDOy@Ww@[eB_@_A]sAg@iAeAiEYm@]yAUm@k@eC_AcDuAcDs@qCc@sAe@iAk@kBYi@e@aBi@{Aa@m@G]DS`@s@`EwI~EmLfA{CV[TEpExB|@r@tGvD|GhDv@j@vBnA|Ax@~@\\\\dAp@hAj@h@d@`Br@v@j@vAp@@JCHqChE\"}, \"name\": \"Sortie vélo le midi\", \"type\": \"Ride\", \"manual\": false, \"athlete\": {\"id\": 157684209, \"resource_state\": 1}, \"commute\": false, \"flagged\": false, \"gear_id\": null, \"private\": false, \"trainer\": false, \"distance\": 20654.4, \"elev_low\": 34.4, \"pr_count\": 2, \"timezone\": \"(GMT+01:00) Europe/Paris\", \"elev_high\": 54.2, \"max_speed\": 11.44, \"upload_id\": 17764777052, \"end_latlng\": [44.858065, -0.571559], \"has_kudoed\": false, \"kilojoules\": 321.5, \"sport_type\": \"Ride\", \"start_date\": \"2025-12-07T11:57:27Z\", \"utc_offset\": 3600, \"visibility\": \"everyone\", \"device_name\": \"Wahoo ELEMNT BOLT\", \"external_id\": \"2025-12-07-115727-ELEMNT BOLT D35F-34-0.fit\", \"kudos_count\": 3, \"moving_time\": 3261, \"photo_count\": 0, \"average_temp\": 13, \"device_watts\": false, \"elapsed_time\": 3276, \"start_latlng\": [44.858042, -0.571556], \"workout_type\": 10, \"athlete_count\": 1, \"average_speed\": 6.334, \"average_watts\": 98.6, \"comment_count\": 0, \"has_heartrate\": true, \"location_city\": null, \"max_heartrate\": 171, \"upload_id_str\": \"17764777052\", \"location_state\": null, \"resource_state\": 2, \"location_country\": null, \"start_date_local\": \"2025-12-07T12:57:27Z\", \"achievement_count\": 11, \"average_heartrate\": 151.9, \"from_accepted_tag\": false, \"heartrate_opt_out\": false, \"total_photo_count\": 0, \"total_elevation_gain\": 51, \"display_hide_heartrate_option\": true}', '2026-03-05 13:15:35', '2026-03-05 13:15:36', 1),
(4, 16601206913, 'Ride', 'Première sortis vallonné', 61320.7, 10173, 507, 6.028, 165.9, 196, NULL, NULL, 117.1, '2025-11-29 11:34:28', 0, 0, NULL, '{\"id\": 16601206913, \"map\": {\"id\": \"a16601206913\", \"resource_state\": 2, \"summary_polyline\": \"kixpGfsnBzAaBxDoHmIgOjPgTwD{HwNqb@aCqFqAmFlW_YIlAnK~^xEzMhFfLnLhR~@mA`FvG|DnCtFbArO{BrEkD`L{O^yAt@eAkBsDy@IsBoDmo@{mA{@cCn@mChCcGrHiHdAiBRiCQiOv@_IdC{Lt@gAjA{FvFyHMwB\\\\yB[zAo@OZeBNaIIyB_AmHlI}BrCeEh@}BvEl@fBYGaJs@sKRiKYiFc@aAgC_@}AgBiDp@eAq@sAmDKoA@qGr@cHwF{AiHc@{GuAoCk]y@{VeA{JaCcLD}A_AgAwAmG{AeLoEkKmAuHyBoIc@qFAeGn@sFYoKNwDpJu\\\\|AqJlEwIp@iJqBmQr@aI?cHn@iHWoAaE{Gq@sH{CsIOgEBwFl@eIg@yQ|AkM}Aq[ZiGSoFJkJf@kBvBXdBmDJ}@mAcGyFwFYcChBcKl@}HvD}Lx@uE|EqNtE{GpGoh@|FiO`EyF|DwKz@}Dh@gGpAmCx@iDv@yJpBiLHsN^mEd@{AiLaDUcJw@sFR{EQq@PB~Bq[KyKxC}MRgEbD}KwAqRSuFgFgWwAcPcBaM_B}BeHoDiCsGbAqOTqZaMqb@cAcHgDw\\\\bEoPZiDc@qBiDeEkA{DCaB^oApLoRZ{D[_HEaN`AiFdMfEvBrAvHzLfLfMf]dDjAt@pAw@f]{ApJ{LxO{CrMkGdGo@hF_FfRkMxCeAdPcD~Hw@|L^n]K~DvNlDrG[bPwCxI~GdRn@vICbBsDnBiHxN_DvIwDpEcCbFuEpGkJdKcBxEcCzDeBhEaBbIaBpMb@vDGlGlHla@GtVjDxY`@xJ_@`NeBdViBrHkGbPcDlNoAbDp]jFV`@XnLKnLeAxMe@zm@k@~D`@hk@vBdLi@jIzClQf@`AfDpC|B~NdCnDpB`B~CvFpLzAfDEzH`@f@f@C`FaCrOoHzFaBxEmEj@sAxAqDjJaDlVzA~BrBlFlEhXOrEiCdFg@bBBz@zBzBfAdGrDjI|CxFzBfMGjB_EtMWzFtCxC~DfGCpD`@~@jGtCvC`CpF`@~DtCxG`Cxa@~TdDnCrCpFjBvHdDlQhCxT`BnEnE~G`BtDpAnFf@hENrK}Ef`@fAnPQfFy@nDqAnCwKtMnDlQYbDBx@tApA`AtDZzN?ra@g@f@qNhAqr@fA{WfFaThKeWtQeUrLWf@yj@b\\\\kBXwP|J{KjHyLvKuObUaNvXaUni@_Ob^{OrYm@D{AzAkC|DFrAlPp[WrAaGjHyJ~HyHzCgSvDiHn@}Iw@wGuByMwJcAlA_J`WwCwAIvLa@nBuMb@jDyJaG_D[YNU\"}, \"name\": \"Première sortis vallonné\", \"type\": \"Ride\", \"manual\": false, \"athlete\": {\"id\": 157684209, \"resource_state\": 1}, \"commute\": false, \"flagged\": false, \"gear_id\": null, \"private\": false, \"trainer\": false, \"distance\": 61320.7, \"elev_low\": 5, \"pr_count\": 6, \"timezone\": \"(GMT+01:00) Europe/Paris\", \"elev_high\": 108.6, \"max_speed\": 14.08, \"upload_id\": 17689428293, \"end_latlng\": [44.858102, -0.571712], \"has_kudoed\": false, \"kilojoules\": 1190.8, \"sport_type\": \"Ride\", \"start_date\": \"2025-11-29T11:34:28Z\", \"utc_offset\": 3600, \"visibility\": \"everyone\", \"device_name\": \"Wahoo ELEMNT BOLT\", \"external_id\": \"2025-11-29-113428-ELEMNT_BOLT_D35F-32-020251129-723305-buad73.fit\", \"kudos_count\": 5, \"moving_time\": 10173, \"photo_count\": 0, \"average_temp\": 9, \"device_watts\": false, \"elapsed_time\": 12228, \"start_latlng\": [44.857986, -0.571557], \"workout_type\": 10, \"athlete_count\": 1, \"average_speed\": 6.028, \"average_watts\": 117.1, \"comment_count\": 2, \"has_heartrate\": true, \"location_city\": null, \"max_heartrate\": 196, \"upload_id_str\": \"17689428293\", \"location_state\": null, \"resource_state\": 2, \"location_country\": null, \"start_date_local\": \"2025-11-29T12:34:28Z\", \"achievement_count\": 14, \"average_heartrate\": 165.9, \"from_accepted_tag\": false, \"heartrate_opt_out\": false, \"total_photo_count\": 3, \"total_elevation_gain\": 507, \"display_hide_heartrate_option\": true}', '2026-03-05 13:15:35', '2026-03-05 13:15:36', 1),
(5, 16618561291, 'Workout', 'Tennis dans l\'après-midi', 0, 7088, 0, NULL, 130.3, 176, NULL, NULL, NULL, '2025-11-18 16:57:15', 0, 1, NULL, '{\"id\": 16618561291, \"map\": {\"id\": \"a16618561291\", \"resource_state\": 2, \"summary_polyline\": \"\"}, \"name\": \"Tennis dans l\'après-midi\", \"type\": \"Workout\", \"manual\": false, \"athlete\": {\"id\": 157684209, \"resource_state\": 1}, \"commute\": false, \"flagged\": false, \"gear_id\": null, \"private\": false, \"trainer\": true, \"distance\": 0, \"elev_low\": 0, \"pr_count\": 0, \"timezone\": \"(GMT+01:00) Africa/Algiers\", \"elev_high\": 0, \"max_speed\": 0, \"upload_id\": 17707134155, \"end_latlng\": [], \"has_kudoed\": false, \"sport_type\": \"Tennis\", \"start_date\": \"2025-11-18T16:57:15Z\", \"utc_offset\": 3600, \"visibility\": \"everyone\", \"device_name\": \"Apple Watch SE\", \"external_id\": \"F2531ED1-8BE4-4505-BC7D-2EE846C3A5C3.fit\", \"kudos_count\": 1, \"moving_time\": 7088, \"photo_count\": 0, \"elapsed_time\": 7088, \"start_latlng\": [], \"workout_type\": null, \"athlete_count\": 1, \"average_speed\": 0, \"comment_count\": 0, \"has_heartrate\": true, \"location_city\": null, \"max_heartrate\": 176, \"upload_id_str\": \"17707134155\", \"location_state\": null, \"resource_state\": 2, \"location_country\": null, \"start_date_local\": \"2025-11-18T17:57:15Z\", \"achievement_count\": 0, \"average_heartrate\": 130.3, \"from_accepted_tag\": false, \"heartrate_opt_out\": false, \"total_photo_count\": 0, \"total_elevation_gain\": 0, \"display_hide_heartrate_option\": true}', '2026-03-05 13:15:35', '2026-03-05 13:15:36', 1),
(6, 16465340252, 'Ride', 'C’était dur le vent de merde', 46882.2, 6492, 61.4, 7.222, 171.9, 195, NULL, NULL, 115.8, '2025-11-15 11:59:43', 0, 0, NULL, '{\"id\": 16465340252, \"map\": {\"id\": \"a16465340252\", \"resource_state\": 2, \"summary_polyline\": \"wixpG|snBhH{LqIaO~NsQ\\\\mAEc@yBeEsBmFmSsl@J[~HqHjMkNBL_@b@bMna@`EfLxCpH`DlGpEnH~BdDL@|@eBn@pA~CrE^?`@j@rAhArDvAjCDrNuBrD}BbG}HRCl@N`@aAfJoLl@s@d@OL]Iw@F_@vOmYzF{Mh@w@`BoEp@kA`AgDjV}k@zIsQlE_IfFsH`HsI|FcFjCqB`IcEL]\\\\[`S_LVDvj@g\\\\Zg@rAc@RWh@EhPgJbC_BvI_HdHsE`TiKpQaEjEm@`L]xHLvIK|Cc@vJCdOkAh@KVWCuWJkGUiPcAmFJaAAo@u@{@c@eDeDiOzKoMjAeCr@mDP{BF}DKyA]_BS{BEmEZmDzCgSj@gGI}FMcDW{Am@}CeAaDu@_BmFeJoAaDy@uEoBsRaFqUu@{BmA_CsB_CsA_AaXeNaFoCeA{@gKyF_DiDwD{GoAsCoCuJq@qD[}F_@iOm@uGm@yCu@cCsH_Qq@gC]_CYuEcAiu@NeDj@{Dl@sBrAqCfAaBvA{AlIeHfBgC|@{B~@wFlBoSTgB^yAEi@TUdBmE~AyBrBcBbQ}HtBsAtAaBbAqB`BwFvCwHf_@w}@jAsBxBaChA{@pI_F{FbDaDrBoBtBuAxBy`@~`AmA~CiCjI}@bByA`BgAr@sRzIcBvAsAdBiBlEq@vC_DzZgArE}ApCyKlJqCvDeAfCg@pBi@rEOlCDrHz@~i@X`Gl@hDx@jCpHpP`AdEt@xFz@`Yd@vCzBtItAtDlDrGdBbChB`B`JdFjChBpMnGnP~IvCtCxAlCz@rCfFxVrAxNz@rFlAhDhFzIpAvCf@rAdAbF^jDHbCMhH[`DgDvTOxCHxDz@tGWxHk@zCwA~CeAzAmInJIf@rDbQDfAc@jAAr@Th@v@`@PXbAfEVfMInPGhBPbNa@\\\\sQnAaI@kDb@aSAeM^qEr@eQ`EwHhDgIlEeIhFqH|FeDxBgPbJeCx@i@r@uj@h\\\\U[O@iEpC_KtFm@b@o@fA}H`EgBnAqJzI}ItL{DlGwBbEuIrQ}Szf@qBxF{JxUuItP}GtLGrAi@PaEbFwD~Ew@dBu@K}FxHuD`CwOxBcBGu@MaCiA_CaCWFoEaHK@Kd@k@|@cBsBkG}JeBgDaEmJ}IyWW{A{E_Oq@mC\\\\c@OMaJdKwJpJy@hAnAtCbRti@c@\\\\?f@gGrGp@rBEPaAz@EVn@bBjBvCJ^wHxJ}BrCu@j@eAdBeDjE?JN?FV`Al@tLlGl@F\"}, \"name\": \"C’était dur le vent de merde\", \"type\": \"Ride\", \"manual\": false, \"athlete\": {\"id\": 157684209, \"resource_state\": 1}, \"commute\": false, \"flagged\": false, \"gear_id\": null, \"private\": false, \"trainer\": false, \"distance\": 46882.2, \"elev_low\": 2.4, \"pr_count\": 19, \"timezone\": \"(GMT+01:00) Europe/Paris\", \"elev_high\": 46.4, \"max_speed\": 10.72, \"upload_id\": 17551795553, \"end_latlng\": [44.858166, -0.571877], \"has_kudoed\": false, \"kilojoules\": 751.6, \"sport_type\": \"Ride\", \"start_date\": \"2025-11-15T11:59:43Z\", \"utc_offset\": 3600, \"visibility\": \"everyone\", \"device_name\": \"Wahoo\", \"external_id\": \"2025-11-15-115943-WAHOOAPPIOSAE67-1-020251115-40313-3lkybg.fit\", \"kudos_count\": 3, \"moving_time\": 6492, \"photo_count\": 0, \"device_watts\": false, \"elapsed_time\": 7177, \"start_latlng\": [44.858044, -0.571669], \"workout_type\": 10, \"athlete_count\": 1, \"average_speed\": 7.222, \"average_watts\": 115.8, \"comment_count\": 0, \"has_heartrate\": true, \"location_city\": null, \"max_heartrate\": 195, \"upload_id_str\": \"17551795553\", \"location_state\": null, \"resource_state\": 2, \"location_country\": null, \"start_date_local\": \"2025-11-15T12:59:43Z\", \"achievement_count\": 40, \"average_heartrate\": 171.9, \"from_accepted_tag\": false, \"heartrate_opt_out\": false, \"total_photo_count\": 0, \"total_elevation_gain\": 61.4, \"display_hide_heartrate_option\": true}', '2026-03-05 13:15:36', '2026-03-05 13:15:36', 1),
(7, 16333060616, 'Ride', 'La pire sortie de ma VIE', 30274.6, 4900, 68.4, 6.178, 157.1, 182, NULL, NULL, 113.6, '2025-11-02 13:35:31', 0, 0, NULL, '{\"id\": 16333060616, \"map\": {\"id\": \"a16333060616\", \"resource_state\": 2, \"summary_polyline\": \"yixpGnsnBvAeChDsF^q@FQGSQ]}EoHy@iBQk@Ig@j@}@tA{@pAoA~HcKNYDYCOw@iAaBgDYq@iBeFuLk]{BcHi@qAKk@Vg@jG{FjFaG`B}A`DmDD?FFMt@@^\\\\dBbJrZ`CtHz@pBl@`BhAfClDbIjAvBrBdDfEbGPJJAl@gARAFVl@fApCvDFBLIJ@rBhBbD~A|@Rt@Fv@EbGuAlDe@|Ak@jBoAn@k@fF}GRIp@?PMz@wAtHuJf@m@d@]Tq@E]BYhG{KxGcMdDuHlBaFlAiChBmEr@qBnEsK|G{O~DuJ~C_HxHkOlCuEfDcFpEaGn@u@zIgIpByA|GsDZWr@y@x@i@zBmAtCsAzHwETKf@ExYcQdLsGbBeAd@i@tCiAvA}@`M_HxGyEvDyCxDcCjAm@tGyDhFqCdEqBpFiA|JyBjGs@~JIrGJvHKtEc@fH?lIg@pFm@d@SDKDa@I}BMgIFsIJ}EC}FQgHKeAo@yCEa@DeACa@M]_@i@Oc@k@}DeCiLHm@^Qn@o@hHcJhAyB\\\\gAb@_CP_CDcEM}BUoASsBGoB@iAPeCxAiKdA{Gr@_H@s@OmESwCo@yCk@qB[}A]gAwBeFuEkI}@eCYoBa@uEsAuLkAaFkBkJ_@}A{@kCmBwDs@{@s@e@_FaCsJgF{FoC_E}Bk@U[YVJbGjD|I`EdEdChChAjCzAn@j@hAzAp@fAx@dBZ`Ad@fBrDdQ`@xBd@pDhAnLPjA^`Bh@dBb@fAbFdIx@bBf@tAp@vBZ`Bh@hEJzA?z@WhIm@vFgClQQvBCfBH|BRhB\\\\jBB|@ElEIrAMrAYpAY|@c@`A_A`ByJ~KlIzq@?pBK|DBtDEbCH`KEhAI`@KLODaCDkLz@eJBkCZ}@DoFByGKoIRkETeHbAB?_@PsFdAaEfAsIxD{ItEy@p@{EtCqFpEgGbEqBfAaGtCsD~Ba@H{Ap@cAbAqA|@oCpAgBhAwEfCoHtEgJbFeDpB]GM?m@XmD~BaKxFk@f@G\\\\ML_J|E{AjAsBfB}FvFmGrIuCnEeCfEgK|SkHvPeMtZyAbEs@xAyIrSkF`K}EvIy@pAy@dBeAhAkA|AgAp@_@`@Y`@CP@XDTtOhZ\\\\bAAXQ`@gGvHiBfBaE|C_BbA}BbA}H|BgCXaA\\\\cHlAcDb@aBJoCA{BYwCk@qFeBiAk@uCkB}FcF@BMNUl@]Ha@z@gIlUMDuBmA{CqAcGaDo@SKBSRsBlE\"}, \"name\": \"La pire sortie de ma VIE\", \"type\": \"Ride\", \"manual\": false, \"athlete\": {\"id\": 157684209, \"resource_state\": 1}, \"commute\": false, \"flagged\": false, \"gear_id\": null, \"private\": false, \"trainer\": false, \"distance\": 30274.6, \"elev_low\": 2.8, \"pr_count\": 15, \"timezone\": \"(GMT+01:00) Europe/Paris\", \"elev_high\": 16.4, \"max_speed\": 13.02, \"upload_id\": 17418444407, \"end_latlng\": [44.858011, -0.571629], \"has_kudoed\": false, \"kilojoules\": 556.7, \"sport_type\": \"Ride\", \"start_date\": \"2025-11-02T13:35:31Z\", \"utc_offset\": 3600, \"visibility\": \"everyone\", \"device_name\": \"Apple Watch SE\", \"external_id\": \"68B6A30E-4B5E-4D24-9E1A-FBFDB52A4B2A.fit\", \"kudos_count\": 5, \"moving_time\": 4900, \"photo_count\": 0, \"device_watts\": false, \"elapsed_time\": 5292, \"start_latlng\": [44.858057, -0.571595], \"workout_type\": 10, \"athlete_count\": 1, \"average_speed\": 6.178, \"average_watts\": 113.6, \"comment_count\": 0, \"has_heartrate\": true, \"location_city\": null, \"max_heartrate\": 182, \"upload_id_str\": \"17418444407\", \"location_state\": null, \"resource_state\": 2, \"location_country\": null, \"start_date_local\": \"2025-11-02T14:35:31Z\", \"achievement_count\": 32, \"average_heartrate\": 157.1, \"from_accepted_tag\": false, \"heartrate_opt_out\": false, \"total_photo_count\": 0, \"total_elevation_gain\": 68.4, \"display_hide_heartrate_option\": true}', '2026-03-05 13:15:36', '2026-03-05 13:15:36', 1),
(8, 16304148394, 'Ride', 'Sortie vélo dans l\'après-midi', 18567.9, 2622, 61.4, 7.082, 176.7, 194, NULL, NULL, 145.4, '2025-10-30 16:31:30', 0, 0, NULL, '{\"id\": 16304148394, \"map\": {\"id\": \"a16304148394\", \"resource_state\": 2, \"summary_polyline\": \"qixpGpsnBzFqJ^w@DWMa@g@y@uDsFcA_BSe@Ka@CSBUNWTYdBeB~BeCpFkGb@o@B[I[o@gAqBmEyAsDsAaEc@iASe@sBsGqBwFcBaFoAcEi@qAUs@Om@CW@MBGtHkHbCkCxEiFzA{APMDA@JMXAVJl@rEfOj@nB^bBTp@d@nBhBrFzB`G`@~@z@`B|A|D~@xBpAhCjFrIpBlCPPH@FI`@aANQFAl@hApAvBf@p@^`@FDj@P~@fAl@b@rB~@t@RhAH^?l@EjLaBl@Kh@QfBkAp@k@`B{BtCuDPM|@WNOfAuA`BmBxEcG\\\\]d@WLOBWG{@HY`HgMjAoBjD{GjCiGxAyCt@gB`C}FfBaFf@{@n@mBhBiEtBiFvAcDz@aCnAmCxDaJ`EiIzAwCdCgFj@aAjFuIvBmCvBwCNYNu@LYNOB?JBJLPZlFdNjDrIpCbIjAhCz@|Al@xA~AtC|Rhd@hCzFvBlEhAxCbB`ExJzTf@vAPt@Jt@L~ACpCY|CQv@K`AqAbOiAbKClAUlBcC`Ye@xDShCe@vEMr@uCrFmBdDeBrCqA`CoEvI{CtFiIrN}CtFaHpMcGzKmBpDoDdGmC~EeBzCkEdHwCnFaKbQoCpEeBrAaDRyBFWD]?aAReAJmI^oB@iABoF\\\\kEPmFLeKd@gDViA?w@KsDgAkCm@iBu@}EiBoCs@eBg@eA_@e@UqFmDwF{DoBoAqDiCsGkEqHyEsJ{GqH{EcCeBcDuBuAkAm@q@e@s@i@kAa@gAgByG}CcKeAsDy@cCeAyDyA}EcAuD{CeKS}@m@cDDKX_@L_@Dg@DSAa@FQp@s@dFmGrDyEhGsHpAgBr@[d@DTH|@f@zChBfB~@~Ar@n@VXDN?RO?A\"}, \"name\": \"Sortie vélo dans l\'après-midi\", \"type\": \"Ride\", \"manual\": false, \"athlete\": {\"id\": 157684209, \"resource_state\": 1}, \"commute\": false, \"flagged\": false, \"gear_id\": null, \"private\": false, \"trainer\": false, \"distance\": 18567.9, \"elev_low\": 2.6, \"pr_count\": 19, \"timezone\": \"(GMT+01:00) Europe/Paris\", \"elev_high\": 24, \"max_speed\": 24.847, \"upload_id\": 17389034163, \"end_latlng\": [44.858067, -0.571716], \"has_kudoed\": false, \"kilojoules\": 381.3, \"sport_type\": \"Ride\", \"start_date\": \"2025-10-30T16:31:30Z\", \"utc_offset\": 3600, \"visibility\": \"everyone\", \"device_name\": \"Apple Watch SE\", \"external_id\": \"14F2C9E2-B005-4F22-B15D-53FBC1A32892.fit\", \"kudos_count\": 2, \"moving_time\": 2622, \"photo_count\": 0, \"device_watts\": false, \"elapsed_time\": 2647, \"start_latlng\": [44.858013, -0.571603], \"workout_type\": null, \"athlete_count\": 1, \"average_speed\": 7.082, \"average_watts\": 145.4, \"comment_count\": 0, \"has_heartrate\": true, \"location_city\": null, \"max_heartrate\": 194, \"upload_id_str\": \"17389034163\", \"location_state\": null, \"resource_state\": 2, \"location_country\": null, \"start_date_local\": \"2025-10-30T17:31:30Z\", \"achievement_count\": 25, \"average_heartrate\": 176.7, \"from_accepted_tag\": false, \"heartrate_opt_out\": false, \"total_photo_count\": 1, \"total_elevation_gain\": 61.4, \"display_hide_heartrate_option\": true}', '2026-03-05 13:15:36', '2026-03-05 13:15:36', 1),
(9, 16284113219, 'Swim', 'Natation dans l\'après-midi', 750, 1780, 0, 0.421, 135.8, 166, NULL, NULL, NULL, '2025-10-28 16:52:44', 0, 1, NULL, '{\"id\": 16284113219, \"map\": {\"id\": \"a16284113219\", \"resource_state\": 2, \"summary_polyline\": \"\"}, \"name\": \"Natation dans l\'après-midi\", \"type\": \"Swim\", \"manual\": false, \"athlete\": {\"id\": 157684209, \"resource_state\": 1}, \"commute\": false, \"flagged\": false, \"gear_id\": null, \"private\": false, \"trainer\": true, \"distance\": 750, \"elev_low\": 0, \"pr_count\": 0, \"timezone\": \"(GMT+01:00) Africa/Algiers\", \"elev_high\": 0, \"max_speed\": 10, \"upload_id\": 17368848880, \"end_latlng\": [], \"has_kudoed\": false, \"sport_type\": \"Swim\", \"start_date\": \"2025-10-28T16:52:44Z\", \"utc_offset\": 3600, \"visibility\": \"everyone\", \"device_name\": \"Apple Watch SE\", \"external_id\": \"D80CCB83-5F56-4DDB-9D94-D591E0CFF8B3.fit\", \"kudos_count\": 2, \"moving_time\": 1780, \"photo_count\": 0, \"elapsed_time\": 2413, \"start_latlng\": [], \"athlete_count\": 1, \"average_speed\": 0.421, \"comment_count\": 0, \"has_heartrate\": true, \"location_city\": null, \"max_heartrate\": 166, \"upload_id_str\": \"17368848880\", \"location_state\": null, \"resource_state\": 2, \"location_country\": null, \"start_date_local\": \"2025-10-28T17:52:44Z\", \"achievement_count\": 0, \"average_heartrate\": 135.8, \"from_accepted_tag\": false, \"heartrate_opt_out\": false, \"total_photo_count\": 0, \"total_elevation_gain\": 0, \"display_hide_heartrate_option\": true}', '2026-03-05 13:15:36', '2026-03-05 13:15:36', 1),
(10, 16259120742, 'Ride', 'Sortie vélo le matin', 15617.8, 2424, 65.4, 6.443, 169.4, 190, NULL, NULL, 134.5, '2025-10-26 08:59:42', 0, 0, NULL, '{\"id\": 16259120742, \"map\": {\"id\": \"a16259120742\", \"resource_state\": 2, \"summary_polyline\": \"ahxpG`qnBd@{@^g@ELV]bByCh@eADO@OEQQ]uDwF_BqCYs@CY@KRa@|C}C~IkKNWBUAIK]i@}@aAmBqB_FoFcPs@qB}@yBqAgEgCsHk@gA[eA_@s@M]Qs@@Qf@[bA}@lFmGzByB`DqCbBmBl@w@HC^p@BBRFDJd@dAl@jAnC|GlAnC`AfC\\\\jA|@`BjKhVb@z@p@`B~BfFr@bB~BzE~AtC~AjC~AxBXr@PRfAhAl@^vCfAh@Jh@DZ?h@GtEu@hC]jAUv@K`@O\\\\Sd@a@bAk@b@a@d@m@P_@\\\\[zAmBv@eAVo@VW\\\\k@nCqDDOB_@HW@UPYBEv@ENIr@{@b@a@z@gAnAqAdAiB^u@fDaG`EwHfDcHpHmQ|@oB|@oChT_h@|BaFxDuHpA{ClBmDpCoEtAqBbC_DpAqBb@k@JUHc@FUT_@JIHDhAdCfAlCv@fBr@`Cx@nBl@dBpAnCz@rCh@pAb@pAfA`Cj@|@hAtCXj@v@lA`@x@d@nA~@nB`@dAfBxDhChGrDfI|DfJnApClQja@d@lA^~APdBBxAChBMhBa@tBMbAiAvMoBpS_Dl^_@pCQdBO~@IPM@o@QsCc@yCYaAAqDHiFNk@EwAe@e@KYCYBMDw@t@YLYDw@BwIDuFPkEAuHQyOk@m@?gAHYDs@PUNKJGRG`@KPq@j@QPMXMh@s@`F}@bHcAjGeA`IOr@ENQVa@Vg@PsGlAi@RiARkBf@mDt@mDbA_Cj@_Cd@{@Jm@D[CYMcCgB{@a@MCo@MWC{@Js@Di@A[KGGM_A?UEc@MWOQwI_FcEwBaAo@i@i@OE_@DSGiEgCqFkCqD{Bk@WODCCcGcDyDkBkDuBs_@_SWEIDuCfF\"}, \"name\": \"Sortie vélo le matin\", \"type\": \"Ride\", \"manual\": false, \"athlete\": {\"id\": 157684209, \"resource_state\": 1}, \"commute\": false, \"flagged\": false, \"gear_id\": null, \"private\": false, \"trainer\": false, \"distance\": 15617.8, \"elev_low\": 4, \"pr_count\": 10, \"timezone\": \"(GMT+01:00) Europe/Paris\", \"elev_high\": 21, \"max_speed\": 11.5, \"upload_id\": 17343576371, \"end_latlng\": [44.858062, -0.571624], \"has_kudoed\": false, \"kilojoules\": 326.1, \"sport_type\": \"Ride\", \"start_date\": \"2025-10-26T08:59:42Z\", \"utc_offset\": 3600, \"visibility\": \"everyone\", \"device_name\": \"Apple Watch SE\", \"external_id\": \"9F509F0C-A8F3-4A31-97D7-54C14D1A8EBA.fit\", \"kudos_count\": 3, \"moving_time\": 2424, \"photo_count\": 0, \"device_watts\": false, \"elapsed_time\": 2467, \"start_latlng\": [44.857772, -0.571209], \"workout_type\": null, \"athlete_count\": 1, \"average_speed\": 6.443, \"average_watts\": 134.5, \"comment_count\": 0, \"has_heartrate\": true, \"location_city\": null, \"max_heartrate\": 190, \"upload_id_str\": \"17343576371\", \"location_state\": null, \"resource_state\": 2, \"location_country\": null, \"start_date_local\": \"2025-10-26T09:59:42Z\", \"achievement_count\": 15, \"average_heartrate\": 169.4, \"from_accepted_tag\": false, \"heartrate_opt_out\": false, \"total_photo_count\": 1, \"total_elevation_gain\": 65.4, \"display_hide_heartrate_option\": true}', '2026-03-05 13:15:36', '2026-03-05 13:15:36', 1),
(11, 16212994413, 'Swim', 'Natation dans l\'après-midi', 1500, 3646, 0, 0.411, 150.1, 177, NULL, NULL, NULL, '2025-10-21 15:30:53', 0, 1, NULL, '{\"id\": 16212994413, \"map\": {\"id\": \"a16212994413\", \"resource_state\": 2, \"summary_polyline\": \"\"}, \"name\": \"Natation dans l\'après-midi\", \"type\": \"Swim\", \"manual\": false, \"athlete\": {\"id\": 157684209, \"resource_state\": 1}, \"commute\": false, \"flagged\": false, \"gear_id\": null, \"private\": false, \"trainer\": true, \"distance\": 1500, \"elev_low\": 0, \"pr_count\": 0, \"timezone\": \"(GMT+02:00) Africa/Blantyre\", \"elev_high\": 0, \"max_speed\": 5, \"upload_id\": 17297074872, \"end_latlng\": [], \"has_kudoed\": false, \"sport_type\": \"Swim\", \"start_date\": \"2025-10-21T15:30:53Z\", \"utc_offset\": 7200, \"visibility\": \"everyone\", \"device_name\": \"Apple Watch SE\", \"external_id\": \"B4B6177D-62BE-4AB9-9AB0-961A502AAE7A.fit\", \"kudos_count\": 2, \"moving_time\": 3646, \"photo_count\": 0, \"elapsed_time\": 4144, \"start_latlng\": [], \"athlete_count\": 1, \"average_speed\": 0.411, \"comment_count\": 2, \"has_heartrate\": true, \"location_city\": null, \"max_heartrate\": 177, \"upload_id_str\": \"17297074872\", \"location_state\": null, \"resource_state\": 2, \"location_country\": null, \"start_date_local\": \"2025-10-21T17:30:53Z\", \"achievement_count\": 0, \"average_heartrate\": 150.1, \"from_accepted_tag\": false, \"heartrate_opt_out\": false, \"total_photo_count\": 0, \"total_elevation_gain\": 0, \"display_hide_heartrate_option\": true}', '2026-03-05 13:15:36', '2026-03-05 13:15:36', 1),
(12, 16150826295, 'Swim', 'Natation dans l\'après-midi', 1100, 2907, 0, 0.378, 145.4, 165, NULL, NULL, NULL, '2025-10-15 15:52:41', 0, 1, NULL, '{\"id\": 16150826295, \"map\": {\"id\": \"a16150826295\", \"resource_state\": 2, \"summary_polyline\": \"\"}, \"name\": \"Natation dans l\'après-midi\", \"type\": \"Swim\", \"manual\": false, \"athlete\": {\"id\": 157684209, \"resource_state\": 1}, \"commute\": false, \"flagged\": false, \"gear_id\": null, \"private\": false, \"trainer\": true, \"distance\": 1100, \"elev_low\": 0, \"pr_count\": 0, \"timezone\": \"(GMT+02:00) Africa/Blantyre\", \"elev_high\": 0, \"max_speed\": 10, \"upload_id\": 17234333818, \"end_latlng\": [], \"has_kudoed\": false, \"sport_type\": \"Swim\", \"start_date\": \"2025-10-15T15:52:41Z\", \"utc_offset\": 7200, \"visibility\": \"everyone\", \"device_name\": \"Apple Watch SE\", \"external_id\": \"9E4125BC-F3FF-4DC4-ACE8-7EB50ED78357.fit\", \"kudos_count\": 3, \"moving_time\": 2907, \"photo_count\": 0, \"elapsed_time\": 2946, \"start_latlng\": [], \"athlete_count\": 1, \"average_speed\": 0.378, \"comment_count\": 0, \"has_heartrate\": true, \"location_city\": null, \"max_heartrate\": 165, \"upload_id_str\": \"17234333818\", \"location_state\": null, \"resource_state\": 2, \"location_country\": null, \"start_date_local\": \"2025-10-15T17:52:41Z\", \"achievement_count\": 0, \"average_heartrate\": 145.4, \"from_accepted_tag\": false, \"heartrate_opt_out\": false, \"total_photo_count\": 0, \"total_elevation_gain\": 0, \"display_hide_heartrate_option\": true}', '2026-03-05 13:15:36', '2026-03-05 13:15:36', 1),
(13, 16043318696, 'Ride', 'Les 3/4 étais incroyable, le dernier quart c’était le suicide', 89151.8, 14984, 610.6, 5.95, 164.2, 193, NULL, NULL, 120.2, '2025-10-05 09:38:35', 0, 0, NULL, '{\"id\": 16043318696, \"map\": {\"id\": \"a16043318696\", \"resource_state\": 2, \"summary_polyline\": \"whxpGlrnBzFoKcIcOvKuNpCwBy[c}@~WmXA|AbRpl@jHdPlJzNjAoAlEvG|JrElQgBxDkC~F{HhAA|MsP?kB|OsY|e@_jAzJqSdQwWvKeKvoAiu@fTwKxW}QbS_KzXqFpp@cAnQgBSwq@_AwE@wBw@_B_EuShKeMlCcIVmHcAiNtEa`@DwGo@aIgCyIeJuQ}C_XeFaViBqEoEuE{m@k\\\\{DsEuFaLgEgQo@wVs@}GgKyWyAwG}Aq|@n@kHbCcHxOmOrBsDvEe`@rCgJ~DmEhSeJbDaDpi@{sAlEeF~KsG|Xkc@fHiOfDuO|I{u@jAyt@w@}JqPcl@qAgKwB{c@zDy]Lg^kGkc@yAwEgCiDoT}O}DaGwDoJkCcQeAc`@^oJpBmLbj@snBnCwGh[ij@~CeKnAiMiEwUi]ij@yEyKaCoJsHqc@eNwg@oJsMsUmT_CcEiBiGwFw_@[uHxBgT|E{Lz@aFy@ie@_OyfA?yDsPsMaDwFgEoEsZ_Qu\\\\uB_[vIgLeHwRy@qJ_KiFoC]}Gn@kBvAcAD}HmCcCgDaIoBqI{JgN}DuKwDwFuA}GoGgLmE{QoAuAeEiA_H}QaCkn@iNxA_Jk@aXgWuH}LaEcKkCsKsn@_qDk@kDyOvEqHbJuG`CaEfGwLrGmLlQ{OrIg[~EiS{C{VnAgDtAkA}@aJPsMzE{H`FyRmKCfMmXnEsCQw@`GoEjEcI^sAs@g@wCaCyD}@uD|AqH@mGwEsEGy@fAaAia@j`UvmAvrAjHvJ|MpYlNbd@_@rEqDjHc@pF~Bx\\\\DvIs@bOiBbFaG`HeBlEiOnIqNbDya@xBmM}EwErCk@jFHhIpCdJtCdPtFza@r@dYg@jE}AzChHvL|DpCn\\\\|aCvAhr@_@fBoBTm@jQXnGrAbAA``@tBrBtBtFbV~eCfDGbDbAiCrTfC`Ss@rNhC~ElBpI~AjDlGrYrB~Ob@bPeFd[gA`^x@xKaAxLfBh]ElIj@hDsBjGdGzIj@|ReArLJfG~KfZpBzPpBtDvDj@zFjRdBtVOlFrBfPa@vQ^zIs@jNoIxg@eCbSqGzQiB|TeMnWiAtH{GlSZ~C~FxIr@xG_AbHyErHKfAl@b@nKeF`@gBjl@hK_OaDzPzBpSnE`EtB`A_Aa@yBq@@c@nCzA|BzDtUj@zHU~FmD|Ow@jAeFD}HqEvIpFjKqAbCl@RjBs@`TzAjIrBrDnB^|M_CvE~@vE`DxpAbdCvLnSpHdS|EnGzRr_@}GzJ}IjHaN~EuMxB_P\\\\qMiDaBVkG_EsJrUuB_@wCpHyQwJ@oA\"}, \"name\": \"Les 3/4 étais incroyable, le dernier quart c’était le suicide\", \"type\": \"Ride\", \"manual\": false, \"athlete\": {\"id\": 157684209, \"resource_state\": 1}, \"commute\": false, \"flagged\": false, \"gear_id\": null, \"private\": false, \"trainer\": false, \"distance\": 89151.8, \"elev_low\": 1.6, \"pr_count\": 7, \"timezone\": \"(GMT+01:00) Europe/Paris\", \"elev_high\": 103, \"max_speed\": 15.8, \"upload_id\": 17125665391, \"end_latlng\": [44.85807, -0.571562], \"has_kudoed\": false, \"kilojoules\": 1801.4, \"sport_type\": \"Ride\", \"start_date\": \"2025-10-05T09:38:35Z\", \"utc_offset\": 7200, \"visibility\": \"everyone\", \"device_name\": \"Apple Watch SE\", \"external_id\": \"DD13C7BB-1A80-4588-85FF-D80EF10AB0C4.fit\", \"kudos_count\": 4, \"moving_time\": 14984, \"photo_count\": 0, \"device_watts\": false, \"elapsed_time\": 20397, \"start_latlng\": [44.857885, -0.571423], \"workout_type\": null, \"athlete_count\": 1, \"average_speed\": 5.95, \"average_watts\": 120.2, \"comment_count\": 2, \"has_heartrate\": true, \"location_city\": null, \"max_heartrate\": 193, \"upload_id_str\": \"17125665391\", \"location_state\": null, \"resource_state\": 2, \"location_country\": null, \"start_date_local\": \"2025-10-05T11:38:35Z\", \"achievement_count\": 13, \"average_heartrate\": 164.2, \"from_accepted_tag\": false, \"heartrate_opt_out\": false, \"total_photo_count\": 4, \"total_elevation_gain\": 610.6, \"display_hide_heartrate_option\": true}', '2026-03-05 13:15:36', '2026-03-05 13:15:36', 1),
(14, 16011620070, 'Ride', 'Mdrrr merignac quel itinéraire de demeurer', 31935.7, 5003, 105.8, 6.383, NULL, NULL, NULL, NULL, 111.5, '2025-10-02 15:29:30', 0, 0, NULL, '{\"id\": 16011620070, \"map\": {\"id\": \"a16011620070\", \"resource_state\": 2, \"summary_polyline\": \"}ixpGxsnB?HLAB[p@yAP@tA_ChLpGf@FdBnA|FrCvFfDpLhG`A|@dElBhKxFp@HfBx@z@p@Rj@XHf@IfCxA`Bd@bItE|@|@Ln@JjDRnMf@~IrAb^NjHz@xQZ~OZrHCj@Lp@b@bQpAl[pAl`@VlDpB`Oc@jUVvPYnM]nJkAbJ]jEHhO@lJOlQk@jFs@hEm@`C_AjCe@rFoBvLkBlPSz@E`CFjD`BhN@rATd@FjASbJW`AJlAi@jK[tOqApLGnAXrKbAzQBfAMdA]\\\\Yl@qDb@kG{@}B?wGwAyDHuGg@}Ay@s@oAYFOXm@IaCH}Ar@_IxHeApAsAdESNRfAUhGS`@NdAObBkAh]Wd@_QeE{@VkDdCe@Ec@]{@mEUkC?{BPmGJk@A_ANsFXwFViGAMm@Kd@}N@eDb@uF^eAXqCC[Rk@j@}GFeAEo@KYVi@VDHOHeBbAcLr@cNPiAA_ApA_WNqGFu`@TIdLxCdG|BvC]tGiCpDcAbHq@bBApF`CdGj@jBx@xA`AfDnCdCzA^b@vAAh@n@bFbAr@CnC{@dBQbE^^NvBHj@Xf@WzDf@|D|@rIrAZF\\\\`@f@Jb@g@~JRrGKhBj@lAr@Zc@TKNc@d@kLBUTEAcHQgB{@iCwDkEo@sA_@iDEoD@]P]EWMOYAqM`C}BTIO?]_@iCq@kBsEyFi@cA[}@sBuJ_AcDM_BDs@`AeHbAgLq@mOi@}BOu@Ao@iBuIqCuOUy@u@cFm@}BkCqNQ}AFo@CeDaAqBQs@PoG@_Ll@_J`@}Bn@{Ax@{BdAgEdAsDp@cEl@qI@mBMkCs@mFGyC?{EDQE{EcAgN]cCgC}Lk@cCs@_GbEuBx@y@nG_DvCaAhBA`Bc@pFkBX@rE}ApA[XDhE{AdB]VSzImCjBuAfB_AvE_FlAkEx@iAx@qDh@PjBTv@VEDXHnGrAz@Xd@p@\\\\CbAwA`KkRhBqCnB_EhDwFPe@XSNm@xHoNDc@~@wA?WQ[uJaBoCCiIX}EqAg@bB[L_EIeA@oQ\\\\e[eA}Dd@[REl@OZoAfAIVg@tDIDOhAiA|Js@|DqAjJUr@qEv@gFfA_Bn@{FdA[RcMzC}FsCcAo@sDh@]EGW@q@OgAc@e@_EyBgLwGUi@_A?uPeJmDsAwA_AiKmFgC_BsK{FUYgB{@_@i@Sn@GxIC\\\\SHgBsAmMwG]YZk@OI\"}, \"name\": \"Mdrrr merignac quel itinéraire de demeurer\", \"type\": \"Ride\", \"manual\": false, \"athlete\": {\"id\": 157684209, \"resource_state\": 1}, \"commute\": false, \"flagged\": false, \"gear_id\": null, \"private\": false, \"trainer\": false, \"distance\": 31935.7, \"elev_low\": 4.8, \"pr_count\": 10, \"timezone\": \"(GMT+01:00) Europe/Paris\", \"elev_high\": 46.9, \"max_speed\": 12.28, \"upload_id\": 17093507947, \"end_latlng\": [44.85808, -0.571548], \"has_kudoed\": false, \"kilojoules\": 557.8, \"sport_type\": \"Ride\", \"start_date\": \"2025-10-02T15:29:30Z\", \"utc_offset\": 7200, \"visibility\": \"everyone\", \"device_name\": \"Strava App\", \"external_id\": \"CCD9D73B-1435-4001-B4DF-FF9C2F80D14B-activity.fit\", \"kudos_count\": 1, \"moving_time\": 5003, \"photo_count\": 0, \"device_watts\": false, \"elapsed_time\": 5202, \"start_latlng\": [44.858076, -0.571642], \"workout_type\": null, \"athlete_count\": 1, \"average_speed\": 6.383, \"average_watts\": 111.5, \"comment_count\": 0, \"has_heartrate\": false, \"location_city\": null, \"upload_id_str\": \"17093507947\", \"location_state\": null, \"resource_state\": 2, \"location_country\": null, \"start_date_local\": \"2025-10-02T17:29:30Z\", \"achievement_count\": 12, \"from_accepted_tag\": false, \"heartrate_opt_out\": false, \"total_photo_count\": 0, \"total_elevation_gain\": 105.8, \"display_hide_heartrate_option\": false}', '2026-03-05 13:15:36', '2026-03-05 13:15:36', 1),
(15, 15875762651, 'Ride', 'Vélo avec mes amis :D', 39566.9, 6557, 320.8, 6.034, NULL, NULL, NULL, NULL, 125.7, '2025-09-20 10:06:03', 0, 0, NULL, '{\"id\": 15875762651, \"map\": {\"id\": \"a15875762651\", \"resource_state\": 2, \"summary_polyline\": \"undwG{vjd@QWGiBfBsBa@oAsByAe@{FjGmEb@AlCcBl@aARDTiAQcA@q@iE_WcCgLoA_J]u@_BoJS_CgBqIEqAsAcI?gEtAsK@kFsFer@WyFp@sGv@iCzBqDdBqAvKmDlFoCtHoBlD_ClBmCz@i@VeAzJyMlDsDjC{DrCsBdD}@bBiAz@}AvBgGtIcL`GwDtCWnD{AjI_IpFyGbDuBxBk@|@FtAg@jEaFlA{@ZaAvFsE~HaEzCcDxCkB`PeH~A}A|CaFhH}HxGaKdAgCNw@bAqAzDsIxAqD~@kDTqBMEb@{CIgKVuD]qCiDsN}AgCkAuCgCuDm@uHeAwC{CoDeCiAmCsCoE_HiHcOkCoCAaBo@aC?oFPgAl@m@`I}B|Hw@zEoAdMiBlJx@p@k@j@DbDtAfDh@hAh@jD`ClCzCfArBbB^R~@SnDPn@l@p@~E|@fDGhDvBnC~@nEIxDsB~BBbDqAn@u@LoCXi@tDgArAuA~@aBNDCb@_CnE@r@Zb@f@GrEeEtLeEzAUfEHzAv@x@vB@bCu@~Ct@j@vEpG\\\\VZQbAcCnAwBPCHd@M~FpCfITYHeAB_FhBiDfBgHdAwAjJ{GdBKv@}@`Eg@nHh@bL]bF_At@aAbCiGlDiDfLiDbNwAtDmBbBoBtMuXrAaBdDa@jB`Ah@@pCqBdBoC|DeCtCa@dCmAdDb@zE?|FsDfDwCtCVrHqBjE_@rD}@jE@pBsApAHtA]pBR~Bm@nGtCzG`GtKzFtFs@dCaDnBkDnBsAd_@cEnAX`CnBfAZlMq@nUjF~FQ|@|JP\\\\pIxEnBcDhAxA|Ag@gdCtfBmFHaFx@a[`IeA?eAn@j@FKSyThFa_@nF}JrCwAD}Cs@cBeAiFmFuDoA{EZ_ErCmBtD_BlGf@xJ`F~i@TdGKtEq@pF}DdRaNddAeA`FwLt[W`@aAPWrDYrAsNd`@eF~L}BvCcBzAwShLmC~ByCrEkIjVcD|FyDfEuE~CwZbQyOdNaD|@oHb@_Bz@_C|BiDxGoA`BiBrAiBZi@fAs@b@wCUkGuBeAqA{@c@mEu@UtHTmHKMyMPwA^gFvCsEn@qCe@gHcDuFg@aPbDwHK{I`BkJE{E`BaBZyEAkK{@_Do@}F_C}EkAqBQmFR_BfAy@pBq@`J_BbFcJzQuGrKmCxCo@@w@x@}B_FSCgExE_AbB}@tCAbIRzAe@hF_CHkBbAg@]_CKYrDqC`Ba@Ym@tAqElB_@t@gGxDl@|FxBjBHb@Fz@]f@NfCy@v@r@SZe@KI\"}, \"name\": \"Vélo avec mes amis :D\", \"type\": \"Ride\", \"manual\": false, \"athlete\": {\"id\": 157684209, \"resource_state\": 1}, \"commute\": false, \"flagged\": false, \"gear_id\": null, \"private\": false, \"trainer\": false, \"distance\": 39566.9, \"elev_low\": 449.9, \"pr_count\": 0, \"timezone\": \"(GMT+01:00) Europe/Paris\", \"elev_high\": 684.1, \"max_speed\": 17.14, \"upload_id\": 16954731265, \"end_latlng\": [45.902952, 6.122429], \"has_kudoed\": false, \"kilojoules\": 823.9, \"sport_type\": \"Ride\", \"start_date\": \"2025-09-20T10:06:03Z\", \"utc_offset\": 7200, \"visibility\": \"everyone\", \"device_name\": \"Strava App\", \"external_id\": \"E1235251-0019-497F-AA22-6B3438BFDA5E-activity.fit\", \"kudos_count\": 1, \"moving_time\": 6557, \"photo_count\": 0, \"device_watts\": false, \"elapsed_time\": 9539, \"start_latlng\": [45.903318, 6.122222], \"workout_type\": null, \"athlete_count\": 3, \"average_speed\": 6.034, \"average_watts\": 125.7, \"comment_count\": 0, \"has_heartrate\": false, \"location_city\": null, \"upload_id_str\": \"16954731265\", \"location_state\": null, \"resource_state\": 2, \"location_country\": null, \"start_date_local\": \"2025-09-20T12:06:03Z\", \"achievement_count\": 0, \"from_accepted_tag\": false, \"heartrate_opt_out\": false, \"total_photo_count\": 1, \"total_elevation_gain\": 320.8, \"display_hide_heartrate_option\": false}', '2026-03-05 13:15:36', '2026-03-05 13:15:36', 1),
(16, 15845263858, 'Ride', 'J’me suis perdu', 38048.4, 5958, 106.2, 6.386, 156.5, 185, NULL, NULL, 114.4, '2025-09-17 15:50:38', 0, 0, NULL, '{\"id\": 15845263858, \"map\": {\"id\": \"a15845263858\", \"resource_state\": 2, \"summary_polyline\": \"gixpGdsnBrFuJV}@_@w@iGwJUk@CWVe@|DoExFcH~@iAPIHa@_DcGqA{C}CoJwGaREUDM~@[kDmK_A}B@Iy@r@GILWvA}A|G}GbFyFfDgDL@Ud@Hj@hLt_@`EjLvD`JjCjFzHtLVVJ@f@gARItEdGb@JxBhBxCzAl@PpAFlAKtMoBlDgCzE{GfBs@rAmBfG{Ht@{@|@q@He@Iq@@OvImO~DuHbDwHbBiDnEuKfA_DbGcOdF_LrCuHbDiHpGoM~GoLfHiJlDqDjGqF`BiAtGoDvAsAvRwKZ?t^eT~IqFnA_AvCgAbFsCrEyBjFoDjI{GhHsEtRsJfCy@fH_BjJ_BbPa@|EF|HMrDc@`JChLq@|Ca@VOFg@SiNRmPE_JQ}FY}A_@iAVgBx@w@GYKGeAh@YGMSc@mCoBqIu@iEDSj@u@rBgB|EuF|AiDh@kCVgCH_FKaBa@yBSqDBmBVeDjCsP`@mDLkAABDw@DmCEsBOyDYqAYaCw@wCsAwCmBsCkA{BaBsDw@gCq@sEeAiKSeDK?UaAc@_Du@qD_BcHo@oBu@oAkG_HgI}E_I{DuGoD_BK{A_BwG}CmDmCu@QaC?{@MgDiCwFmCi@yALoBCa@O]_E_Gq@s@iA{@SLUlAe@~@aTzTsGlJmBnD_@bAg@jHGrBFtBOq@Ak@x@sKTiAj@uA`J}MnGeH|JeKp@aAh@sAVMZJpBhC~CbFNx@KbCH^\\\\b@tFxB`EnCxDTl@NjE|CrClAr@D`EjC`NtGnFzC`EnBdCnB|@~@bAtAx@~AfAzCn@zBnD`QbApHr@dIf@vCp@zBj@tAjFlIlBnEp@hC\\\\|BPnBNpDAfD]|EuCvR_@vCMnBClAJnCNhBb@bCDdAK~EUjBo@vCe@jAkAnBaHjIo@h@_@j@pDbRFv@a@zADn@LXl@ZRV~@zCNnALfG@hIQhHDdB@dFGfFDhBGXc@ToL~@_MRqE^eJHcHKwL^eEj@yPbEcInDeIdEuEbDsCzAmEvDaG`EuNbI{BbAqA`AyF~CkSrLaMpH}DnAaC~AoJnFuAzAuCtAyErCsH|GgF`GcH~JoDjGoIzPcCnFeQfb@aDrImInRaEpIsLnTYrAcDtDsH|Ji@Jy@bBsBnCo@TiAlAcCzAsO|B{CEg@McCoAqBoBSEuAmBqBeDQGW`@Yp@Ad@qFcIiCoEyI_SkCmHyDcNyFcRG[Lc@{CzCiHdIcI~HUfAw@Dm@l@mWx\\\\kBvCwDzG@P|@zCj@pAxCfFfBxBlA~BLj@JlDRp@z\\\\pQlHhEBHMXeCdE\"}, \"name\": \"J’me suis perdu\", \"type\": \"Ride\", \"manual\": false, \"athlete\": {\"id\": 157684209, \"resource_state\": 1}, \"commute\": false, \"flagged\": false, \"gear_id\": null, \"private\": false, \"trainer\": false, \"distance\": 38048.4, \"elev_low\": 1.6, \"pr_count\": 12, \"timezone\": \"(GMT+01:00) Europe/Paris\", \"elev_high\": 43.6, \"max_speed\": 15.74, \"upload_id\": 16923441336, \"end_latlng\": [44.857978, -0.571549], \"has_kudoed\": false, \"kilojoules\": 681.4, \"sport_type\": \"Ride\", \"start_date\": \"2025-09-17T15:50:38Z\", \"utc_offset\": 7200, \"visibility\": \"everyone\", \"device_name\": \"Apple Watch SE\", \"external_id\": \"1FE16216-212C-4AD2-BD1C-EB56FCAAAA1A.fit\", \"kudos_count\": 4, \"moving_time\": 5958, \"photo_count\": 0, \"device_watts\": false, \"elapsed_time\": 6860, \"start_latlng\": [44.857967, -0.571542], \"workout_type\": null, \"athlete_count\": 1, \"average_speed\": 6.386, \"average_watts\": 114.4, \"comment_count\": 0, \"has_heartrate\": true, \"location_city\": null, \"max_heartrate\": 185, \"upload_id_str\": \"16923441336\", \"location_state\": null, \"resource_state\": 2, \"location_country\": null, \"start_date_local\": \"2025-09-17T17:50:38Z\", \"achievement_count\": 31, \"average_heartrate\": 156.5, \"from_accepted_tag\": false, \"heartrate_opt_out\": false, \"total_photo_count\": 1, \"total_elevation_gain\": 106.2, \"display_hide_heartrate_option\": true}', '2026-03-05 13:15:36', '2026-03-05 13:15:36', 1),
(17, 15809338702, 'Ride', 'Gars la pluie c’est pas marrant jte le dit moi', 23475.4, 3693, 57, 6.357, 162.3, 186, NULL, NULL, 114.6, '2025-09-14 12:43:18', 0, 0, NULL, '{\"id\": 15809338702, \"map\": {\"id\": \"a15809338702\", \"resource_state\": 2, \"summary_polyline\": \"wixpGbsnBdAmAx@kA~CiF@E?m@y@_BgAkBsAuB_B_CUg@?UJSlAmAdBmBrHqJPGHGLW@YG[oCaGmBsE_BuE_AcCeFaOIc@@OBCLE^WBGIo@c@oAyAyDi@gAu@qBGCI@i@f@CC?KJYd@q@^a@fE{D|BcCjEeF|BaCl@g@FCDBAJQ`@BRHVdIhXd@xBd@~AlApDpAhDhBzDbAjCnArCjBvDtDfG`BbCr@~@ZXJAh@eAFKH?NNdBtCzAjBJFJAz@`A~BpA~@`@z@RdAHp@ArASjGiAzAQbAQbC}A|@u@\\\\a@f@}@\\\\a@xAuB`@g@NGF?ZNH@PGFGb@_AbEsFnDmERSd@]FUCo@F]pD_GdEuHpCmFhAkC|B{EjFeM`AqC|BwFdBaEnA}C`CoFdFaMtDyI\\\\u@xAkCzEoJ`CeEdC_El@kAr@aArBaCnAaBdBoBvHqGn@a@tC{AnDwBLKNS`As@|J{FnAi@zBuAd@UXAFC|PyJvT{MxAw@XS^c@tAs@bASbAg@jF}ClFwC|AeAhDgC~CkCnCcBvCcBpA_AfDcBbDkBpFkCr@[h@OlBa@bCo@dEw@`Ba@zCe@|AO|BKbHOlBAtDHrCKxDBv@E`BWv@GjGBlBEnCOhD[`D]t@GREFGKEQJKB}BLeCZiE^mCKkC@gCVwAHiC\\\\_E?}CFyHOcK\\\\qBTcBZcKxB_EbAg@PkFdCo@XkIjEa@Vg@`@aAh@_Al@eCzAmElDeDbCyA`AkGfD_EfC_Bh@{@Pc@P{@h@QRm@f@mC`BeDxBkAr@kB`AmBdAoLdHsB~@yErCM@_@WORSPgAp@{AfAmC`BcCrAiC|AUVOd@ILeAf@wDrBiAf@cAp@oAbA_Ax@}CxC_C`CqE`GgBbCcBlC{BzDiJ`RgC|FsIlS_AtBaAhCyDbJ}@fCe@hAg@bAkHfQaCfFyIhPeClESb@CZITa@ZYXwFjHsBlCk@fAKFE?IGKNULaB`CmAdA{AjBqBlAeAh@kCb@uFv@cBXg@Dk@AoAWiBw@k@Y_@W{A{AKCKBEAg@q@e@c@iAuB{@mAC?ED]r@SZGDKGy@oAkBeCcBkC_BqC}AgDw@kBaDiHyBiGgCcIcBiEm@uCq@iCmB_Hm@mBCK@KP]E?IDk@j@oFhGgAbAkAtAoGjG_AfADBf@[L@x@~AX`AvAzDV|@|AlERv@hB|EJ^v@tBxArEb@bAl@lB\\\\x@v@tBtFvLrCjFAP[j@CL\"}, \"name\": \"Gars la pluie c’est pas marrant jte le dit moi\", \"type\": \"Ride\", \"manual\": false, \"athlete\": {\"id\": 157684209, \"resource_state\": 1}, \"commute\": false, \"flagged\": false, \"gear_id\": null, \"private\": false, \"trainer\": false, \"distance\": 23475.4, \"elev_low\": 2.4, \"pr_count\": 8, \"timezone\": \"(GMT+01:00) Europe/Paris\", \"elev_high\": 15.6, \"max_speed\": 11.96, \"upload_id\": 16886315708, \"end_latlng\": [44.854216, -0.565522], \"has_kudoed\": false, \"kilojoules\": 423.3, \"sport_type\": \"Ride\", \"start_date\": \"2025-09-14T12:43:18Z\", \"utc_offset\": 7200, \"visibility\": \"everyone\", \"device_name\": \"Apple Watch SE\", \"external_id\": \"CC0F974D-B19F-453B-BAF5-A0BA7C49126D.fit\", \"kudos_count\": 2, \"moving_time\": 3693, \"photo_count\": 0, \"device_watts\": false, \"elapsed_time\": 3943, \"start_latlng\": [44.858042, -0.571537], \"workout_type\": null, \"athlete_count\": 1, \"average_speed\": 6.357, \"average_watts\": 114.6, \"comment_count\": 0, \"has_heartrate\": true, \"location_city\": null, \"max_heartrate\": 186, \"upload_id_str\": \"16886315708\", \"location_state\": null, \"resource_state\": 2, \"location_country\": null, \"start_date_local\": \"2025-09-14T14:43:18Z\", \"achievement_count\": 23, \"average_heartrate\": 162.3, \"from_accepted_tag\": false, \"heartrate_opt_out\": false, \"total_photo_count\": 1, \"total_elevation_gain\": 57, \"display_hide_heartrate_option\": true}', '2026-03-05 13:15:36', '2026-03-05 13:15:36', 1),
(18, 15714041111, 'Ride', 'Premier 40km :D', 40209.8, 6269, 115, 6.414, 160.7, 192, NULL, NULL, 112.7, '2025-09-06 07:24:42', 0, 0, NULL, '{\"id\": 15714041111, \"map\": {\"id\": \"a15714041111\", \"resource_state\": 2, \"summary_polyline\": \"wdxpGblnBjBwCXg@@SiHcL]u@C]Te@dOaRLc@qAqBoDoI_FkNi@mB{C{HkFcPN[nTiU~AqAUv@Hh@~K~^hExLxCjHfClFhClEhFvHL?l@qALIlE|G^?x@dAn@h@fCjAt@NtAJfAEpMmBtAk@tC{B|@wAzC{DTI`@RVK^_ApJcMhAy@HWCwA|GkLdJyQfJuT|BiGnUyi@pKcTfFgIzFuHDs@q@wACg@h@a@f@Ol@eAfCeCTAx@vBVBtCcCzI_FxAuA~NcI~AiAv@Mtg@aZpAy@`@g@bDqA|O_JfFoDlEqDxIsFpJcF~G}CtQaEdDe@bK_@fDC`ELtIKrDc@`JAdHc@dGk@`@OJa@IcCEoJ@iHJcGSyO_A}EEsBu@kBYeCqDePiAcGe@}DLiFWGqDjBqDpAiHlBoGpCmDjAyFRmD|@s@FkHq@{BL}D~@aIxCmO|DoNrAWAs@a@gA~@{[xDgBh@}@t@qBvCcBvAoKtEaKjGkFfB}Av@aRpOmB~BcAXqB|Co@vAaArFWfC?xBTpCr@~Dn@jA?dAq@xAeAdDwArB_A`@_EBaCl@sEZoNhGgBhD}BpFu@tBsAzF{@zAYNmFJ_DtEkIhFkJvBaNHmCN_@LN`H?zCDVl@JtL{@RNuA|RCbBhAvDpC|LvFdOj@l@jGvCtEnC`FpDP@@H_Nr[aBtEkKtVoHpN_GfKYt@KbA}@p@iJpLq@hAIBKKOLa@z@sClDa@JaBdBkDdB_NlBuA@sAScCiA{@o@cAiA]@oEaHy@xAQ?uEwGsCyEcCcFwDyI{GmS_AmDgG_S?]Xm@g@\\\\uHjIeMnMAJFAv@c@THbGnPbI`VdBrEpDjIlH|MnCtDfIdKpBzAfKvEJf@Cl@v@ZvG`AdBDjCM~Ca@jPuClHcCfCsA|C{BhEsDnEgG|AcDvDyDzBwCTGZZJA~BcCzCiEdDyFrB_EjAsCx@uANCf@t@d@m@b@cA`A{DdBaEfB_CbBuDdBeFhPia@bCsIlD}FdBe@VVnKzQPt@nArM@h@eEdTc@xA?JZFLNc@MOv@[NK\\\\_CDWVO\\\\aBjM[p@cBzJmDfQHZnBvCjAbCxBnG|Nh\\\\dCjGNNDf@Kx@gAN_EDiNp@u@W[JuKa@cPUyBLeAVOPWz@}@r@Uh@{DzYqAfIWl@cAb@mVvFyJhCqARiA]eGoDeEVMWOyBQ][WgO_IcAq@o@q@k@@a@OuRsKKAEZKBoBoAq@UqJiFYq@aAq@yO_I{@y@cI}LSAQTiGlK\"}, \"name\": \"Premier 40km :D\", \"type\": \"Ride\", \"manual\": false, \"athlete\": {\"id\": 157684209, \"resource_state\": 1}, \"commute\": false, \"flagged\": false, \"gear_id\": null, \"private\": false, \"trainer\": false, \"distance\": 40209.8, \"elev_low\": -2.6, \"pr_count\": 5, \"timezone\": \"(GMT+01:00) Europe/Paris\", \"elev_high\": 20.6, \"max_speed\": 11.44, \"upload_id\": 16785635889, \"end_latlng\": [44.858045, -0.571617], \"has_kudoed\": false, \"kilojoules\": 706.6, \"sport_type\": \"Ride\", \"start_date\": \"2025-09-06T07:24:42Z\", \"utc_offset\": 7200, \"visibility\": \"everyone\", \"device_name\": \"Apple Watch SE\", \"external_id\": \"D21CD950-90C2-454B-AC2A-862FC9438AA5.fit\", \"kudos_count\": 3, \"moving_time\": 6269, \"photo_count\": 0, \"device_watts\": false, \"elapsed_time\": 6500, \"start_latlng\": [44.857248, -0.570417], \"workout_type\": null, \"athlete_count\": 1, \"average_speed\": 6.414, \"average_watts\": 112.7, \"comment_count\": 2, \"has_heartrate\": true, \"location_city\": null, \"max_heartrate\": 192, \"upload_id_str\": \"16785635889\", \"location_state\": null, \"resource_state\": 2, \"location_country\": null, \"start_date_local\": \"2025-09-06T09:24:42Z\", \"achievement_count\": 13, \"average_heartrate\": 160.7, \"from_accepted_tag\": false, \"heartrate_opt_out\": false, \"total_photo_count\": 1, \"total_elevation_gain\": 115, \"display_hide_heartrate_option\": true}', '2026-03-05 13:15:36', '2026-03-05 13:15:36', 1),
(19, 15661628035, 'Swim', 'Natation en soirée', 725, 2358, 0, 0.307, 152.1, 174, NULL, NULL, NULL, '2025-09-01 16:42:57', 0, 1, NULL, '{\"id\": 15661628035, \"map\": {\"id\": \"a15661628035\", \"resource_state\": 2, \"summary_polyline\": \"\"}, \"name\": \"Natation en soirée\", \"type\": \"Swim\", \"manual\": false, \"athlete\": {\"id\": 157684209, \"resource_state\": 1}, \"commute\": false, \"flagged\": false, \"gear_id\": null, \"private\": false, \"trainer\": true, \"distance\": 725, \"elev_low\": 0, \"pr_count\": 0, \"timezone\": \"(GMT+02:00) Africa/Blantyre\", \"elev_high\": 0, \"max_speed\": 5, \"upload_id\": 16728579625, \"end_latlng\": [], \"has_kudoed\": false, \"sport_type\": \"Swim\", \"start_date\": \"2025-09-01T16:42:57Z\", \"utc_offset\": 7200, \"visibility\": \"everyone\", \"device_name\": \"Apple Watch SE\", \"external_id\": \"9C291762-1796-4F44-A903-8D92338BAF63.fit\", \"kudos_count\": 2, \"moving_time\": 2358, \"photo_count\": 0, \"elapsed_time\": 2358, \"start_latlng\": [], \"athlete_count\": 1, \"average_speed\": 0.307, \"comment_count\": 0, \"has_heartrate\": true, \"location_city\": null, \"max_heartrate\": 174, \"upload_id_str\": \"16728579625\", \"location_state\": null, \"resource_state\": 2, \"location_country\": null, \"start_date_local\": \"2025-09-01T18:42:57Z\", \"achievement_count\": 0, \"average_heartrate\": 152.1, \"from_accepted_tag\": false, \"heartrate_opt_out\": false, \"total_photo_count\": 0, \"total_elevation_gain\": 0, \"display_hide_heartrate_option\": true}', '2026-03-05 13:15:36', '2026-03-05 13:15:36', 1);
INSERT INTO `Activities` (`id`, `stravaId`, `type`, `name`, `distance`, `movingTime`, `totalElevationGain`, `averageSpeed`, `averageHeartrate`, `maxHeartrate`, `calories`, `sufferScore`, `averageWatts`, `startDate`, `commute`, `trainer`, `gearId`, `raw`, `createdAt`, `updatedAt`, `userId`) VALUES
(20, 15639252028, 'Ride', 'Sortie EF avec test côte Bouliac', 24606, 4391, 145.6, 5.604, 159.4, 198, NULL, NULL, 104.4, '2025-08-30 14:49:05', 0, 0, NULL, '{\"id\": 15639252028, \"map\": {\"id\": \"a15639252028\", \"resource_state\": 2, \"summary_polyline\": \"iaxpGjgnBRo@CU_HuK[q@Ea@Xk@~CkD~HwJb@q@@[Ka@gCcFmB}EyAmEmGoQi@oBZO^_@QaA{BiGaB{DUGm@h@@QhKgKrGoH~AaBZUARSXB^lLz_@hDvJTdAv@tA|BxFdC`FhE`HnC|DR@l@sAHElEvGLFLObBlBbEhBfCJ`NkBv@UzCqB`GyHLGf@PNGrA{BjImKPQp@_@F_@Io@DUfAeBJ]fD_GfHaNzL_YtB}FxR_e@|C}GfHsNvCiFdCsDlFgHTg@A]u@kBHW`@a@m@mCPy@Ea@cKcWi@uAgAaDF[pEyEF[kEaN{AoDEY@g@HW^UxFwBlDaBnDU`Ca@vDOdASj@e@|@qAp@eBr@aCn@a@p@CX]@u@Wi@WGs@F_@SSk@e@uCWoC?oBNoB`@cCdA_Ej@uAx@cAr@ALOCi@_@c@?a@fAyBf@}A`AoFj@iBdCmEf@q@rAy@fBe@n@Yp@s@L_@oGPUCIMEcAD[pA_ArAUNW\\\\iAIc@gAgC[sAsB{FAm@L{@LO^BvIxC|Ar@`ERlBCl@SFOwCaAgBiAQAQNa@z@i@~ACjCSfAq@~@{AjAc@v@GjAHp@ZdADn@In@GR]`@e@XoCt@eAp@k@r@mC|E]nAuAfH]~@}@dBO~AyArB{@`BQj@y@vE[bD?~AF`AV|Bd@hCPf@d@l@?bAGV_@h@q@bCe@hAc@v@m@n@}@`@eEHoCn@}DVqD~AmE~AaB~@SR}AlCyCdHm@pB{@dEeAvBSHsFNg@f@{BhDoIjFuJvB}K@yDRoAAiC^_Cj@wCQ}LOk@d@wCjD_@j@i@pAw@VkAbBI\\\\?zAIt@_DpNObAQ|BZdBKf@TbDE~HI`AQj@_@f@_A|@qAx@aBhBsAtBkAhC{AfF[^IVDXd@`AIj@CtBOhDYv@oAhBF??SZYv@oANa@XyHLGNJhChF|Sz`@jAjChAhBbGdLlAjC|JzQDXWj@@RnBjDBb@GR_D`EGTIz@Q^uCrDk@XuApA_DhBsHnAqFh@uAKw@SuC{A{AeBWJoAeB_C{DMBq@rAM?qEqGwCyEkFuLy@{AwE}MgCyH[kB}FmRA[TYBMSFqLpMgG|FoAtAAJdAc@^r@dStk@tC`HtCtFlAnC`AbBB^Sj@Cf@_@b@CP`CxDSf@eL~P}B`EsBu@Y?wCpE\"}, \"name\": \"Sortie EF avec test côte Bouliac\", \"type\": \"Ride\", \"manual\": false, \"athlete\": {\"id\": 157684209, \"resource_state\": 1}, \"commute\": false, \"flagged\": false, \"gear_id\": null, \"private\": false, \"trainer\": false, \"distance\": 24606, \"elev_low\": 1, \"pr_count\": 3, \"timezone\": \"(GMT+01:00) Europe/Paris\", \"elev_high\": 76.2, \"max_speed\": 11.78, \"upload_id\": 16703943474, \"end_latlng\": [44.858025, -0.571592], \"has_kudoed\": false, \"kilojoules\": 458.4, \"sport_type\": \"Ride\", \"start_date\": \"2025-08-30T14:49:05Z\", \"utc_offset\": 7200, \"visibility\": \"everyone\", \"device_name\": \"Apple Watch SE\", \"external_id\": \"8D4823CB-00BC-4173-95B4-FF9FEE05A312.fit\", \"kudos_count\": 2, \"moving_time\": 4391, \"photo_count\": 0, \"device_watts\": false, \"elapsed_time\": 4679, \"start_latlng\": [44.856698, -0.569651], \"workout_type\": null, \"athlete_count\": 1, \"average_speed\": 5.604, \"average_watts\": 104.4, \"comment_count\": 1, \"has_heartrate\": true, \"location_city\": null, \"max_heartrate\": 198, \"upload_id_str\": \"16703943474\", \"location_state\": null, \"resource_state\": 2, \"location_country\": null, \"start_date_local\": \"2025-08-30T16:49:05Z\", \"achievement_count\": 6, \"average_heartrate\": 159.4, \"from_accepted_tag\": false, \"heartrate_opt_out\": false, \"total_photo_count\": 2, \"total_elevation_gain\": 145.6, \"display_hide_heartrate_option\": true}', '2026-03-05 13:15:36', '2026-03-05 13:15:36', 1),
(21, 15560016199, 'Ride', 'Clem a dit rallonge. J’obéis', 30625.7, 4601, 90, 6.656, 170, 186, NULL, NULL, 124, '2025-08-23 14:35:50', 0, 0, NULL, '{\"id\": 15560016199, \"map\": {\"id\": \"a15560016199\", \"resource_state\": 2, \"summary_polyline\": \"uixpG`snBL_@b@s@z@mA\\\\a@\\\\Kj@PbHjDdF|ClFfCjElC~@|@rAx@nEpBdCr@FFGN@@lAl@v@Xl@h@t@h@dDvAlFvClBh@|Av@ZRd@t@HFn@@hRbJVVJ^Dj@@rAFTFHh@DxBW^?t@XxCzAfBr@ZFx@CTJHb@JlCRdADf@L~EBzALfEA^SJ}G~@i@C}@Q]@{CtASNEPX|Or@zVX|GP|FNhCJvDRhE@`AAXGVORWDqBGeEJmERsAC}Bk@sFcBoG}BuDcAiCaAeKiGsCmBiEiDcD_CcFiDmDyBmPeL{FqDgAy@cFsCeAcAeA}A]w@[{@aBwGuDqMmByFqJq\\\\m@_Cc@yBc@cAQWk@}BY{@oBsFiAkDsEkMiCmIwAoFYu@KMSs@I_@@[HSfBeCvFsJZy@Du@FQbBcCvDeHd@m@bFwI`AyA|NeRfCmD~AmBnAoAh@VFAL_@Jm@`@YzFsF|I}JpBqBn@e@DF?FQ`@AHDTrFzQj@lCp@tBdAzDxBhG`GhNx@bBlBnDlArBjC`EbBvBNJLAh@kAP?bBjCzAhBPNTF`B`BjDbBfBVf@@n@E`NqBt@[rBwA\\\\_@pAsBpCkDXQ\\\\PTEj@gAzBwC~CoDvAiB|@}@HYCs@@SFOvLqTtAkCdCoFvAmDnDiIpAgDJw@Ro@nAuChGyMjK_WhDmHhBmD~AqDt@wA~AoCjDkFbGaI|BaCjCgCtEmDfJuFGWKEIOOe@cEqR}CqMM[QUSGU@c@R{AlAsBrAwCbBiAx@mA`AQJU@AD\\\\tAf@pAp@bCbBbFn@tAhAfDA^_@v@cAhCEZCbA_@p@@f@FV?LLZVb@nAbCvCjHdDpIrAvDrAzCt@jCXv@dAbCjBzDdAdBhMtYbCzF`EbJr@zAfAfBj@lAl@vAfCzGvHdQf@pA\\\\tAHb@PxBAhBObCs@`G_AtKuAjNa@pFgAhLcAfMa@fD[tBQzBET{EnJiBzCuArByCbG}ApCyBdE{NdW}R|^qIhOsH~L}ItOeA|AuDfHyBfD_@Z_@JoIZiF^iK`@mEd@{E@iFZ_Md@eEVy@AiASoIaCwGiCcEcAgCgAeEgCqCkAwB}AeEkDeH}EqGcEgI{FsRmMoCwAwA_As@o@m@w@k@cAg@qAi@mBoAiFmDqMcE}MaHcV{AaGoA{D_D_J}IwXeB_G}@kCIg@?QBShByCbBaCpAcCdAgBLOj@G`EhChCfAfC`BrCtApC|AxD`BrObI`CzAlDjBrF`DRXATmCdE\"}, \"name\": \"Clem a dit rallonge. J’obéis\", \"type\": \"Ride\", \"manual\": false, \"athlete\": {\"id\": 157684209, \"resource_state\": 1}, \"commute\": false, \"flagged\": false, \"gear_id\": null, \"private\": false, \"trainer\": false, \"distance\": 30625.7, \"elev_low\": 0.4, \"pr_count\": 25, \"timezone\": \"(GMT+01:00) Europe/Paris\", \"elev_high\": 24.2, \"max_speed\": 14.24, \"upload_id\": 16618429964, \"end_latlng\": [44.857985, -0.571549], \"has_kudoed\": false, \"kilojoules\": 570.4, \"sport_type\": \"Ride\", \"start_date\": \"2025-08-23T14:35:50Z\", \"utc_offset\": 7200, \"visibility\": \"everyone\", \"device_name\": \"Apple Watch SE\", \"external_id\": \"1448E763-92B2-45E6-A938-0F173C5CDB71.fit\", \"kudos_count\": 2, \"moving_time\": 4601, \"photo_count\": 0, \"device_watts\": false, \"elapsed_time\": 4766, \"start_latlng\": [44.858034, -0.571524], \"workout_type\": 10, \"athlete_count\": 1, \"average_speed\": 6.656, \"average_watts\": 124, \"comment_count\": 1, \"has_heartrate\": true, \"location_city\": null, \"max_heartrate\": 186, \"upload_id_str\": \"16618429964\", \"location_state\": null, \"resource_state\": 2, \"location_country\": null, \"start_date_local\": \"2025-08-23T16:35:50Z\", \"achievement_count\": 42, \"average_heartrate\": 170, \"from_accepted_tag\": false, \"heartrate_opt_out\": false, \"total_photo_count\": 1, \"total_elevation_gain\": 90, \"display_hide_heartrate_option\": true}', '2026-03-05 13:15:36', '2026-03-05 13:15:36', 1),
(22, 15537588585, 'Ride', '23km/h de moyenne c’est OK', 20744.5, 3140, 51.2, 6.607, 171, 192, NULL, NULL, 122.5, '2025-08-21 15:21:05', 0, 0, NULL, '{\"id\": 15537588585, \"map\": {\"id\": \"a15537588585\", \"resource_state\": 2, \"summary_polyline\": \"uixpG`tnBS\\\\IDOBQGwGmDuDkBgAo@DOEEG?QL]^kClDs@t@mAvAcH|IiDtEkArB]N_@AIGKSCQ?UZaCNeBv@wFPu@TUHS@YIi@AOf@cDn@aGh@uDf@sBN}AhAeFDi@@m@CeAEi@S{AWeA]{@e@{@y@oA}CiEw@oAUs@Ks@QaB@y@FQ^g@tFyJrH_K`MeOf@i@`@[?GX@`@EDGJ[XUdAmAvDmDb@i@v@s@~AcBpCgD~CaDJEBDQZEP?HFZfIlXp@zC\\\\jAtBbGv@lB~A`D`AfCx@lBxA`Dt@tAbA~AhFvHZb@LHD?BCb@{@HMHAfCjDpA|AD@LCF@pAjAp@`@jDxAnAT^Dn@@^?`@ElBo@zAa@jASnBUdAU^Sj@a@pAkAvCgE~@mAPKH?\\\\FFAHGt@uAzBaD|ByCbBmBZYd@YFIDM?OCo@DQb@q@fByCbG_LtBuDpBkEnCwGfF{LjAgDzTwh@jAiC~DaI`DyGbByCv@{A`EyFtCuDVg@Ty@Ra@JID?LFl@fA`EhKtGbPp@dCdAjCNXd@n@jA`D\\\\p@f@z@`ArBrGtNlBtEzBfFt@zAtAdDpAdCrA~CJPLH~@fCh@jAx@`ChGdN~BrFTj@X|@XdBLxA?dAAp@KxAyAxOqCt[i@lFI~AOlAeAhM[pCc@`FEVQh@u@|A{BjE{D|GSZe@h@g@x@}FjLsGnLeDtFu@vA}@pBwA|BcG~KqDjGwHvN_GpJiAtB}AhCgCxDgClEaBhDu@rAsHnMYb@[R]LsALqBDgCIg@@eF^wFP}CLeBPuEf@aAFeDHwFDiDLmBD}CTq@Bq@Cq@M{IkCcH_CuA_@gAO[Ke@QUUa@MKK]IQIeN}IiEyCaF_DiE{CqRqM}B{AkE}C{FwDwAgAy@u@[]c@u@g@kAa@oA]kAu@_DoCgJm@cC}AuE{C{KsFaR[uAYuA?ODKV[JYF[BsADOp@m@fByBzCiE|DcFrB_CxBqClAqAb@]NGH?XJjJrEbDxAF@LS\"}, \"name\": \"23km/h de moyenne c’est OK\", \"type\": \"Ride\", \"manual\": false, \"athlete\": {\"id\": 157684209, \"resource_state\": 1}, \"commute\": false, \"flagged\": false, \"gear_id\": null, \"private\": false, \"trainer\": false, \"distance\": 20744.5, \"elev_low\": 2.4, \"pr_count\": 21, \"timezone\": \"(GMT+01:00) Europe/Paris\", \"elev_high\": 24.8, \"max_speed\": 11.38, \"upload_id\": 16593301396, \"end_latlng\": [44.858057, -0.571715], \"has_kudoed\": false, \"kilojoules\": 384.6, \"sport_type\": \"Ride\", \"start_date\": \"2025-08-21T15:21:05Z\", \"utc_offset\": 7200, \"visibility\": \"everyone\", \"device_name\": \"Apple Watch SE\", \"external_id\": \"14413DFB-AF55-478A-BB55-42599E2D93CD.fit\", \"kudos_count\": 2, \"moving_time\": 3140, \"photo_count\": 0, \"device_watts\": false, \"elapsed_time\": 3140, \"start_latlng\": [44.858039, -0.571688], \"workout_type\": 10, \"athlete_count\": 1, \"average_speed\": 6.607, \"average_watts\": 122.5, \"comment_count\": 1, \"has_heartrate\": true, \"location_city\": null, \"max_heartrate\": 192, \"upload_id_str\": \"16593301396\", \"location_state\": null, \"resource_state\": 2, \"location_country\": null, \"start_date_local\": \"2025-08-21T17:21:05Z\", \"achievement_count\": 29, \"average_heartrate\": 171, \"from_accepted_tag\": false, \"heartrate_opt_out\": false, \"total_photo_count\": 1, \"total_elevation_gain\": 51.2, \"display_hide_heartrate_option\": true}', '2026-03-05 13:15:36', '2026-03-05 13:15:36', 1),
(23, 15525150190, 'Ride', 'Sortie vélo dans l\'après-midi', 20824.9, 3547, 80.8, 5.871, 169.1, 186, NULL, NULL, 121.4, '2025-08-20 13:33:00', 0, 0, NULL, '{\"id\": 15525150190, \"map\": {\"id\": \"a15525150190\", \"resource_state\": 2, \"summary_polyline\": \"ajxpGftnBRYi@b@KBKA_@Q}D}BsDiBw@YqAa@e@GWB[ROPyAbCcAtAaBvBkDdEsDzEcC|CqAbAODWA_@YW_@K_@]w@gDsJeAaDqBwGEUDMAM[a@Sq@aAmCsCaJ]gAEY?YBMN[x@kAxFcKhEcHbCcEb@u@t@cA~@oBl@eA|CaFbAmA^_@JEC_@^{@vBwCbG}HjB{Cd@m@hAiAfA{@HA\\\\RJ@JKH@NQHCl@u@JAFDLb@f@|AJf@Zh@x@zBTf@`A`DtDlKdApDr@hB|AtEl@zAn@fAb@nAp@xApAhC`DzF~B|DfA|AtCrDdD`EvA`Bn@h@t@`@zE|BxClAFH@DE~@@HHLpA\\\\fARhC\\\\hBJp@?b@ArFm@r@CNEPQHChBWfDk@nB_@tBe@~G_C~@a@r@a@jCsBbCoBzAwApA{AdAyAzA}BHQDWXe@AM_@e@a@q@}FwKwFwKIUEUDWNWl@g@jBuBbAqA^]X_@tAcCjBmDjAuBrFmKxCsGxHgRnAcDrDqIzCsHVs@bAuDpHyObF}JnBcEvB_ExC}EfEsFnAgBR_@VaANYNMFAPHT\\\\Zr@|AvDVx@jAzCXh@h@z@|@tBhCzGPl@\\\\rAh@`Br@hB^f@JPlAlDfAjBjApChCpFpIzRxCrGjHhPlFlMt@`Bp@nApAxCd@nARn@TbAHj@JjA@|@ErBUtCwAbOiArKq@fHMfAa@xFa@|EsAzMU|Ce@nEMh@]p@oEfIcCbEy@~AwA`CkAvB_ApBkE`IcEpHoCpEiArB@C?GW`@eBnD{DbHeGhLcEjHiDhGkAbB}BlEwDrGmBpDsCrEyK|Qm@|@WRe@JaDHgC?yDd@_CNoGLsH\\\\oK\\\\mH`@iCBsCT}BDe@Ga@I_NcE_Cy@uF}AqBy@cDcB_BgAwAmAm@a@eKwGyB}AACD??CgJwF}UaPcDaCqDcCiAaAg@m@}AmCg@qAq@{BYu@OcA{@}CmAyDmAiEsAaEe@kBw@uDmCgIcDkLi@sBCUf@{@FYBc@Z{@|AgBxA}BzB{CjBoCj@w@`AaAvFyGr@s@ZIR@THzGzDpErBN@JEPWJU\"}, \"name\": \"Sortie vélo dans l\'après-midi\", \"type\": \"Ride\", \"manual\": false, \"athlete\": {\"id\": 157684209, \"resource_state\": 1}, \"commute\": false, \"flagged\": false, \"gear_id\": null, \"private\": false, \"trainer\": false, \"distance\": 20824.9, \"elev_low\": 1.8, \"pr_count\": 15, \"timezone\": \"(GMT+01:00) Europe/Paris\", \"elev_high\": 25, \"max_speed\": 13.2, \"upload_id\": 16579817505, \"end_latlng\": [44.857965, -0.571604], \"has_kudoed\": false, \"kilojoules\": 430.6, \"sport_type\": \"Ride\", \"start_date\": \"2025-08-20T13:33:00Z\", \"utc_offset\": 7200, \"visibility\": \"everyone\", \"device_name\": \"Apple Watch SE\", \"external_id\": \"E60B75F3-B612-4BA2-84A7-8A219BB20CF4.fit\", \"kudos_count\": 2, \"moving_time\": 3547, \"photo_count\": 0, \"device_watts\": false, \"elapsed_time\": 3578, \"start_latlng\": [44.858099, -0.571717], \"workout_type\": 10, \"athlete_count\": 1, \"average_speed\": 5.871, \"average_watts\": 121.4, \"comment_count\": 0, \"has_heartrate\": true, \"location_city\": null, \"max_heartrate\": 186, \"upload_id_str\": \"16579817505\", \"location_state\": null, \"resource_state\": 2, \"location_country\": null, \"start_date_local\": \"2025-08-20T15:33:00Z\", \"achievement_count\": 27, \"average_heartrate\": 169.1, \"from_accepted_tag\": false, \"heartrate_opt_out\": false, \"total_photo_count\": 1, \"total_elevation_gain\": 80.8, \"display_hide_heartrate_option\": true}', '2026-03-05 13:15:36', '2026-03-05 13:15:36', 1),
(24, 15474981257, 'Ride', 'Vélo du matin', 18209.7, 2656, 22.6, 6.856, NULL, NULL, NULL, NULL, 116.3, '2025-08-16 07:29:43', 0, 0, NULL, '{\"id\": 15474981257, \"map\": {\"id\": \"a15474981257\", \"resource_state\": 2, \"summary_polyline\": \"yixpGjsnBTg@B@|@kAp@{AHYj@c@^{@p@oATW@KU]OQgBqCwDuF_AeBMKsAmBkCsEq@{@oCoEmAgBcDqFq@}@gBwCw@eAa@_Ae@k@sC{EOSSGEGd@mA@Mh@w@vAuAn@u@j@WhBeB`@e@@KVi@HK^SXe@dBsBtBsCl@m@\\\\MJFX_@Fg@Pa@h@c@LS~AaBbB}ANGFOjDqDNWvCeDtCuCLIBBBPEJG@IZ?FLJ^z@zArGn@hBPz@`AtCXfBdB`FRx@v@dCbBvE|@|Bl@|@xBpFPZJ\\\\z@fBtDjGvCdEn@dAJTBPHDJKH?JIRa@HCn@TVNf@l@fA`BZj@JCLH^VhAfAnAl@vAdAh@N`A@|BQtCa@hCk@dCU^KTSp@[VYx@c@t@u@Zc@TIp@_ALYnBiCHELJZKJQF[\\\\_@dEgFDQn@aAz@kA~@eAJI\\\\CHIP_@E]KSNg@b@o@lAeCR]Vm@nAsBN[Lg@TU|@{ApDuGXy@bAsBH]p@_B|@aBhCaHZo@f@wANM@Ib@{@JYNo@Xq@Nk@hD_InAcDlC}FvFoNbBoDlCkFrDgIv@}AlB_DlCwDzBsCjDyEAII?Kb@aG`IWTqD|FkArByBvEeDrGyCrGeC~FuAnDa@x@_HtPoBrE{@vBQp@c@bAc@vAe@v@g@fAwArDk@bAcEpJqGxLoFnJWh@QVENAV@LCZGFU@SN}CfEs@x@KRi@d@{B|C[z@UH[GKb@QRe@v@mAtAa@l@a@Fg@t@UTsClBkAZiIlAo@@mARu@DoBK}CsA}@{@u@_AGAIHICsB{CwAcCEAIHe@`AORMMc@[sBwCMYi@w@Yi@iAeBi@cAiBsDgCgG_AmBuCcIkAsD]sAcB}EIk@[{@wA_FYgAgAyDIOk@kBCGb@s@EFCCESM^W^_Av@a@f@QF_AtAeEvE}FpFsBvBCLFFHSl@[F@LLHb@b@bAVd@Rl@FJtAlExExM~@tCtDlK~DpJfAhBlBzDhAlB\\\\d@\\\\v@TT`B`CP\\\\pAdBjGrHt@r@v@f@n@TnDdBl@Tv@b@l@TbCPXHpFn@pCRf@CzASvEy@f@OfAIfDw@bPsFhBeAlA_Ar@]ZWBIGSMBWVMXQR_CdBs@`@sG|BuA^o@\\\\sDjAaDn@kBTwBb@_Dj@}@BuC^oDT_A?}A_@oCy@qB}@oBkAsB_B{DmDG??C\"}, \"name\": \"Vélo du matin\", \"type\": \"Ride\", \"manual\": false, \"athlete\": {\"id\": 157684209, \"resource_state\": 1}, \"commute\": false, \"flagged\": false, \"gear_id\": null, \"private\": false, \"trainer\": false, \"distance\": 18209.7, \"elev_low\": 2.4, \"pr_count\": 3, \"timezone\": \"(GMT+01:00) Europe/Paris\", \"elev_high\": 12.6, \"max_speed\": 11.14, \"upload_id\": 16526243501, \"end_latlng\": [44.85217, -0.567928], \"has_kudoed\": false, \"kilojoules\": 308.8, \"sport_type\": \"Ride\", \"start_date\": \"2025-08-16T07:29:43Z\", \"utc_offset\": 7200, \"visibility\": \"everyone\", \"device_name\": \"Strava App\", \"external_id\": \"51D8FED7-E8F1-40A3-972B-2EC916E4110A-activity.fit\", \"kudos_count\": 2, \"moving_time\": 2656, \"photo_count\": 0, \"device_watts\": false, \"elapsed_time\": 2670, \"start_latlng\": [44.858058, -0.571576], \"workout_type\": 0, \"athlete_count\": 1, \"average_speed\": 6.856, \"average_watts\": 116.3, \"comment_count\": 1, \"has_heartrate\": false, \"location_city\": null, \"upload_id_str\": \"16526243501\", \"location_state\": null, \"resource_state\": 2, \"location_country\": null, \"start_date_local\": \"2025-08-16T09:29:43Z\", \"achievement_count\": 11, \"from_accepted_tag\": false, \"heartrate_opt_out\": false, \"total_photo_count\": 1, \"total_elevation_gain\": 22.6, \"display_hide_heartrate_option\": false}', '2026-03-05 13:15:36', '2026-03-05 13:15:36', 1),
(25, 15446181471, 'Ride', 'Test nouvelle roue et pédales automatiques', 20655.1, 3477, 64.4, 5.94, NULL, NULL, NULL, NULL, 106.1, '2025-08-13 14:37:27', 0, 0, NULL, '{\"id\": 15446181471, \"map\": {\"id\": \"a15446181471\", \"resource_state\": 2, \"summary_polyline\": \"ebxpGrhnBn@eABSaAgBK[[[mAwBaB}B]o@_@_@uAgBsAmBWu@w@yAEWy@cA}AyByCeFwCmEs@{@yAoC[[IUSSk@qAcCyDe@k@Ym@SSFMRMfAuA~@wAjAoAvEeGTUp@aA`AeALEVk@RWv@w@z@eALLFET[HWAOVe@dIaI~DqEL]RIrD_Ef@c@DJCJS\\\\ANTTXz@lArErCfJ^fBxApEhA`ErCbIVh@b@l@vBhF~B`FpBfDzBfDtBlCXh@PKj@mA|ApBl@fAlAbBRKFB@L^Tb@l@ZTdA\\\\rB`Ax@Rn@FlACdF}@v@CtBc@nBM|BuBbAwAP@LKfB}Bt@eAf@uARa@~AmCd@_ABMCUBO^a@VMVLRIl@i@z@oAbBoBn@e@nFiJXq@rGqLzAkDnBwERu@v@oAVy@vC_H`@cAR{@|AwDxBeFxEeL\\\\_AvGoO~AiDzC}FxEoJ`@i@pCuE~@uA`FsGN_@Jm@^u@FADDBXVZNDXb@N`@Jd@ZTxFnN~CfI^bBnA~CCX@FVFJ\\\\\\\\`@xAhD`@v@X\\\\nBlEvBhEzAxDrEhKx@zAnAbDrBjEpGbOlAxCpC|FbBhExA`DZbANbAHv@APH`@@zBOfCi@hD_@~EBFOfAi@xHg@fEOpBMp@m@bHOtAGLM`CkAtMa@`FG\\\\k@`GKl@s@~AiEdIu@jAqE|HUj@gApBcAtBKNsBtDST}DrH}AbCc@|@{BvDM\\\\SVuAjCuBhDaEhIwG~LuAzB[^eCvEkCdE{@fBcAfBUVc@x@_@f@cCvEkBrCqK|Q{@bBMNm@VsBNcGNkHn@kHTqPdAcHPcCP}H^cBE}@]kIyBwHmCsAYeAa@w@a@qAe@qA_AoBaAkDqCq@]yAaA{BaBsAw@kCoBm@WeDiCuC_B}@o@_@EMUoBmA}C{Ba@_@sMwIi@g@qAq@mBqAeAy@{AuAo@qA}@aCg@{BcDqLUm@_@aBDMd@YhAuAj@_@~@{@DII?]f@IBMIQ_@o@iBm@oAmCuHa@w@Gq@K]WoBIQVQNUREnAuATKFMGSFSCJLPBJCFk@z@w@j@[l@EVJj@B~AN~@UPAJNp@LpCCd@@\\\\C\\\\?lAB~@Ff@GNc@u@a@mAk@uBsH}V{@}D@W@KTSPi@@i@P[Ii@@GPI^e@pFmH\\\\YZg@h@k@t@iAvCiDrAyAnDsEPDrCfAlFfC`DfBNDFCFSEH\"}, \"name\": \"Test nouvelle roue et pédales automatiques\", \"type\": \"Ride\", \"manual\": false, \"athlete\": {\"id\": 157684209, \"resource_state\": 1}, \"commute\": false, \"flagged\": false, \"gear_id\": null, \"private\": false, \"trainer\": false, \"distance\": 20655.1, \"elev_low\": 3.7, \"pr_count\": 1, \"timezone\": \"(GMT+01:00) Europe/Paris\", \"elev_high\": 23.7, \"max_speed\": 11.94, \"upload_id\": 16495455041, \"end_latlng\": [44.858081, -0.571718], \"has_kudoed\": false, \"kilojoules\": 369, \"sport_type\": \"Ride\", \"start_date\": \"2025-08-13T14:37:27Z\", \"utc_offset\": 7200, \"visibility\": \"everyone\", \"device_name\": \"Strava App\", \"external_id\": \"657B9D93-DC15-4AEC-86D2-ABFF97B98D54-activity.fit\", \"kudos_count\": 2, \"moving_time\": 3477, \"photo_count\": 0, \"device_watts\": false, \"elapsed_time\": 3618, \"start_latlng\": [44.856832, -0.569857], \"workout_type\": 12, \"athlete_count\": 1, \"average_speed\": 5.94, \"average_watts\": 106.1, \"comment_count\": 0, \"has_heartrate\": false, \"location_city\": null, \"upload_id_str\": \"16495455041\", \"location_state\": null, \"resource_state\": 2, \"location_country\": null, \"start_date_local\": \"2025-08-13T16:37:27Z\", \"achievement_count\": 2, \"from_accepted_tag\": false, \"heartrate_opt_out\": false, \"total_photo_count\": 1, \"total_elevation_gain\": 64.4, \"display_hide_heartrate_option\": false}', '2026-03-05 13:15:36', '2026-03-05 13:15:36', 1),
(26, 15353677494, 'Ride', 'Allure lente', 3485.1, 654, 11.4, 5.329, NULL, NULL, NULL, NULL, 92.1, '2025-08-05 15:02:45', 0, 0, NULL, '{\"id\": 15353677494, \"map\": {\"id\": \"a15353677494\", \"resource_state\": 2, \"summary_polyline\": \"ucwpG`hlBc@o@Qk@q@{Ak@{A[o@S[Qi@k@wA{@_CgAkDWq@c@aBsBgGOy@_AyCcAoDgAgDIe@Oe@Ww@ISCEDIJK@GNSCCKA_@d@u@r@q@|@iF~FsBvBs@n@wFxFBHDANU\\\\UFCFDNb@PNz@jCb@fAfAhDl@zALh@vAzDb@vApAlDNh@vBnGTb@~@fCdBfEpApCl@nAv@pAZr@`@p@FLF`@TXb@|@LLBJALGFOJEF?NF`@EDKXQRAJDJ`@h@Xf@x@bADNCNUVGPSHERUb@GXEJi@n@m@lASLSd@QROVSVKFKXUVITOLEHOLEJKBOTIXU\\\\_@x@MIs@s@a@s@IDQb@o@n@u@lAC?_@|@kBxCO`@@CEC@@\"}, \"name\": \"Allure lente\", \"type\": \"Ride\", \"manual\": false, \"athlete\": {\"id\": 157684209, \"resource_state\": 1}, \"commute\": false, \"flagged\": false, \"gear_id\": null, \"private\": false, \"trainer\": false, \"distance\": 3485.1, \"elev_low\": 3.9, \"pr_count\": 1, \"timezone\": \"(GMT+01:00) Europe/Paris\", \"elev_high\": 12.6, \"max_speed\": 10.92, \"upload_id\": 16396666936, \"end_latlng\": [44.857994, -0.571594], \"has_kudoed\": false, \"kilojoules\": 60.2, \"sport_type\": \"Ride\", \"start_date\": \"2025-08-05T15:02:45Z\", \"utc_offset\": 7200, \"visibility\": \"everyone\", \"device_name\": \"Strava App\", \"external_id\": \"D69BFC10-C2E7-4770-8D6D-905D9971EA7E-activity.fit\", \"kudos_count\": 2, \"moving_time\": 654, \"photo_count\": 0, \"device_watts\": false, \"elapsed_time\": 666, \"start_latlng\": [44.851958, -0.559527], \"workout_type\": 0, \"athlete_count\": 1, \"average_speed\": 5.329, \"average_watts\": 92.1, \"comment_count\": 0, \"has_heartrate\": false, \"location_city\": null, \"upload_id_str\": \"16396666936\", \"location_state\": null, \"resource_state\": 2, \"location_country\": null, \"start_date_local\": \"2025-08-05T17:02:45Z\", \"achievement_count\": 2, \"from_accepted_tag\": false, \"heartrate_opt_out\": false, \"total_photo_count\": 0, \"total_elevation_gain\": 11.4, \"display_hide_heartrate_option\": false}', '2026-03-05 13:15:36', '2026-03-05 13:15:36', 1),
(27, 15348870882, 'Ride', 'Tranquille/test de vistesse moyenne', 3303.8, 597, 8.4, 5.534, NULL, NULL, NULL, NULL, 87.7, '2025-08-02 15:59:28', 0, 0, NULL, '{\"id\": 15348870882, \"map\": {\"id\": \"a15348870882\", \"resource_state\": 2, \"summary_polyline\": \"}ixpGjtnBAe[o@aALSt@o@p@iAjDuDT_@bAeAjAaBdAmAf@c@Pa@Aq@GU?IVM@KAIMO@SIGe@aA_@k@]u@Si@]y@Y}@qA_D}@sC}@aCSs@g@sAo@uBcC{G]oAsBqFYeAs@gBMSGAo@z@EI@KJGf@s@z@_AlCkCJKLGHOpDsDNWxCiDlBsBf@c@FB?HW^@H`@tAXp@Ll@fAtDpA~DV|@?NVh@Fn@Nl@xArETz@NZnA|DdAvChAlCLJF@RQV]f@a@`@g@NIL@DFN`@Vb@L\\\\~@tBPZt@|An@bAt@~A^j@lAbDb@z@BNJBHIP[@KCI@@\"}, \"name\": \"Tranquille/test de vistesse moyenne\", \"type\": \"Ride\", \"manual\": false, \"athlete\": {\"id\": 157684209, \"resource_state\": 1}, \"commute\": false, \"flagged\": false, \"gear_id\": null, \"private\": false, \"trainer\": false, \"distance\": 3303.8, \"elev_low\": 3.9, \"pr_count\": 0, \"timezone\": \"(GMT+01:00) Europe/Paris\", \"elev_high\": 12.6, \"max_speed\": 9.54, \"upload_id\": 16391540140, \"end_latlng\": [44.849626, -0.560866], \"has_kudoed\": false, \"kilojoules\": 52.4, \"sport_type\": \"Ride\", \"start_date\": \"2025-08-02T15:59:28Z\", \"utc_offset\": 7200, \"visibility\": \"everyone\", \"device_name\": \"Strava App\", \"external_id\": \"2DBC840F-854F-453B-A2E3-EC810FF5F4CC-activity.fit\", \"kudos_count\": 1, \"moving_time\": 597, \"photo_count\": 0, \"device_watts\": false, \"elapsed_time\": 226515, \"start_latlng\": [44.858077, -0.57174], \"workout_type\": 0, \"athlete_count\": 1, \"average_speed\": 5.534, \"average_watts\": 87.7, \"comment_count\": 0, \"has_heartrate\": false, \"location_city\": null, \"upload_id_str\": \"16391540140\", \"location_state\": null, \"resource_state\": 2, \"location_country\": null, \"start_date_local\": \"2025-08-02T17:59:28Z\", \"achievement_count\": 0, \"from_accepted_tag\": false, \"heartrate_opt_out\": false, \"total_photo_count\": 0, \"total_elevation_gain\": 8.4, \"display_hide_heartrate_option\": false}', '2026-03-05 13:15:36', '2026-03-05 13:15:36', 1),
(28, 15298710978, 'Ride', 'Temps taff => Maison (petite allure)', 3799, 789, 10.8, 4.815, NULL, NULL, NULL, NULL, 77.7, '2025-07-31 15:00:34', 0, 0, NULL, '{\"id\": 15298710978, \"map\": {\"id\": \"a15298710978\", \"resource_state\": 2, \"summary_polyline\": \"otvpGjolBETYv@UPIA[a@COGOm@iAMc@Yi@Uu@i@iAe@qA_A{BOa@aAoBe@qAqAqCa@cAuAyCgCoG[g@u@eBYu@Mg@iBeEEo@Sg@OSOYSs@_AyBKc@S][_ASa@KRGBCDk@TsArA_@d@oCxCu@~@mAhA{@jAkA|@e@b@eBnBiBdBCLFNJBFCNa@LOLEFDLd@l@rA~@jCVn@nAxDz@|BV~@dAnCbA`DLPH^zArEz@rBf@|AhDfIRXRf@`AfBbAbCNPTf@fAfB@LQh@Gl@]v@CJBF^d@FNrAbB@TWl@CPMPKBENMVQPIBOJk@j@?b@CLWr@KNMCIB_@n@AFYd@DEKHCNG?GNEAGJK@DFEVYd@Mz@SLKJ[AEBENOTq@p@Uf@EBBJMFCD?NUN_@G]UG?[KEEOIGBG?KB_@Zk@j@G`@GLKb@QVEPC?\"}, \"name\": \"Temps taff => Maison (petite allure)\", \"type\": \"Ride\", \"manual\": false, \"athlete\": {\"id\": 157684209, \"resource_state\": 1}, \"commute\": false, \"flagged\": false, \"gear_id\": null, \"private\": false, \"trainer\": false, \"distance\": 3799, \"elev_low\": 4.1, \"pr_count\": 1, \"timezone\": \"(GMT+01:00) Europe/Paris\", \"elev_high\": 12.6, \"max_speed\": 9.72, \"upload_id\": 16337773344, \"end_latlng\": [44.85801, -0.57156], \"has_kudoed\": false, \"kilojoules\": 61.3, \"sport_type\": \"Ride\", \"start_date\": \"2025-07-31T15:00:34Z\", \"utc_offset\": 7200, \"visibility\": \"everyone\", \"device_name\": \"Strava App\", \"external_id\": \"9C9C452C-E4A4-4516-BCDA-A99A0812C43F-activity.fit\", \"kudos_count\": 1, \"moving_time\": 789, \"photo_count\": 0, \"device_watts\": false, \"elapsed_time\": 829, \"start_latlng\": [44.849529, -0.560696], \"workout_type\": 0, \"athlete_count\": 1, \"average_speed\": 4.815, \"average_watts\": 77.7, \"comment_count\": 0, \"has_heartrate\": false, \"location_city\": null, \"upload_id_str\": \"16337773344\", \"location_state\": null, \"resource_state\": 2, \"location_country\": null, \"start_date_local\": \"2025-07-31T17:00:34Z\", \"achievement_count\": 2, \"from_accepted_tag\": false, \"heartrate_opt_out\": false, \"total_photo_count\": 0, \"total_elevation_gain\": 10.8, \"display_hide_heartrate_option\": false}', '2026-03-05 13:15:36', '2026-03-05 13:15:36', 1),
(29, 15288330901, 'Ride', 'Première sortis vélo', 13919.5, 2537, 40.2, 5.487, NULL, NULL, NULL, NULL, 89.6, '2025-07-30 15:50:46', 0, 0, NULL, '{\"id\": 15288330901, \"map\": {\"id\": \"a15288330901\", \"resource_state\": 2, \"summary_polyline\": \"{ixpGftnBLo@x@oA~@mBHKNEvA`@bBz@rA`@dAn@dBtATZvC`ATP`D`Bb@\\\\`AXrBfAlAtApA`Av@h@vAl@b@\\\\nBbA^TFJ?ETHbAr@f@FrAx@rHxDbAv@PHDCfBv@RLJ\\\\`@RtAXXh@JHr@CzAt@h@Lh@j@\\\\DP^VN\\\\^@JRVhBl@\\\\Cv@HbBhAR@RVJ`@F|BBRJR^?xDe@d@Hf@^x@N|@b@\\\\VJTPD`@`@XJVGLDLIx@KhH_Bd@MJIEAdB]vAi@|AIpA_@EALM`@ATPHMPABWDCFLZGHS^GZ[L_@f@y@@Sf@oBb@oAvAOv@]VYJUFS@]JM^oBb@oDVkCdBkLRg@TWdAc@R_@Bs@VUdDs@dAVdA@fANlDFPK^?d@RdCHlAVtBBzBO`BHrCEl@Gj@@rAQlABdBMzBGlBAl@MFSVW\\\\Qb@D`AZJJNCF]AMO[o@}Ba@qCOo@Cc@[sBKa@e@}Dq@{CQwAy@eEyAmG]mA{@iEu@qCy@gDgAmDoCcK_A_DAULe@IYi@AyEgBeEGk@PU^}@n@oA|AyAkAmAmAa@UQAWT}@bBOJITkArBa@nAOPo@lAKFQ?sAo@}DcCSFI^IHm@s@UCOPO|@iAtBO^CTc@z@sCdFgA`BcAvAcArAcBhBwEpDe@l@YR}ApBg@P@BINKGm@sAiBgDgA}BqG_MgAqBMIQD[VuApBuGlIYv@@b@CPgApAmAt@MDCGIAURw@\\\\}Dz@sAFeDh@cBLwBOm@QqBgAsAoAIK\\\\G}@q@GK@GP@a@]}@}A_@e@mA}BkBsC}@aBMi@mAcCo@gB]g@c@mAuAqCgBiEQWMg@aCuFw@wBeDwH_AmCk@_AcAaC}@_CUc@E_@c@iAI_@Yg@g@}AGEG@UXc@Tw@t@q@`@yAhBBJGHoAxAc@Ri@f@k@p@DLUZyElEcCfCGTXd@Rl@Xb@d@XFATWRp@FGGKAMNFPp@jBlFLp@N\\\\`AtCjBjF`@`AZlAlA|Cl@pBVf@H^j@|ArDhI|CbGRn@ZXl@lABJCLWb@I`AMLQb@lBlCVHBPg@dAAPMZQJU^UNc@h@FCEDYFMJUb@ANDDi@TMLGRPMYAm@ZAzA_@bBg@PQv@a@`@MCuAsBQCGDk@`AQ`@Y`@gBbDk@t@c@x@AN@DAC\"}, \"name\": \"Première sortis vélo\", \"type\": \"Ride\", \"manual\": false, \"athlete\": {\"id\": 157684209, \"resource_state\": 1}, \"commute\": false, \"flagged\": false, \"gear_id\": null, \"private\": false, \"trainer\": false, \"distance\": 13919.5, \"elev_low\": 3.9, \"pr_count\": 0, \"timezone\": \"(GMT+01:00) Europe/Paris\", \"elev_high\": 19.6, \"max_speed\": 18.34, \"upload_id\": 16326701991, \"end_latlng\": [44.857975, -0.571628], \"has_kudoed\": false, \"kilojoules\": 227.3, \"sport_type\": \"Ride\", \"start_date\": \"2025-07-30T15:50:46Z\", \"utc_offset\": 7200, \"visibility\": \"everyone\", \"device_name\": \"Strava App\", \"external_id\": \"EBBE3A1A-7A6E-4BF0-955B-1AFB82DB8856-activity.fit\", \"kudos_count\": 3, \"moving_time\": 2537, \"photo_count\": 0, \"device_watts\": false, \"elapsed_time\": 2667, \"start_latlng\": [44.85806, -0.571719], \"workout_type\": 0, \"athlete_count\": 1, \"average_speed\": 5.487, \"average_watts\": 89.6, \"comment_count\": 1, \"has_heartrate\": false, \"location_city\": null, \"upload_id_str\": \"16326701991\", \"location_state\": null, \"resource_state\": 2, \"location_country\": null, \"start_date_local\": \"2025-07-30T17:50:46Z\", \"achievement_count\": 0, \"from_accepted_tag\": false, \"heartrate_opt_out\": false, \"total_photo_count\": 0, \"total_elevation_gain\": 40.2, \"display_hide_heartrate_option\": false}', '2026-03-05 13:15:36', '2026-03-05 13:15:36', 1),
(30, 14809110987, 'Run', 'C’est dur sa mère', 3671.7, 1741, 7.8, 2.109, NULL, NULL, NULL, NULL, NULL, '2025-06-15 15:33:16', 0, 0, NULL, '{\"id\": 14809110987, \"map\": {\"id\": \"a14809110987\", \"resource_state\": 2, \"summary_polyline\": \"czqpG|}nBAq@@J@c@DOKM?YGCK?QGI@ICYD?CGGG@CAEFE?CBGCSACH?HOCAQ@]AKEGFeACmA@u@C_@DiCC{B_@IOMK@e@SIB_Aa@G?ECC@OEIKOKGYF_@CiAHeCAc@Dk@A_@Ds@@}@CSDY?c@D[Cu@BK?u@BSAaAFo@FKAELKFMHY@IE]y@}AQWOMGQUa@KIGKKGGQQIYa@]]KEKOe@c@MUk@c@A]Q_@@GCK@MJYAMZoAAKJe@?KBIDc@Ha@Dc@XqAHs@DEd@uC^u@NOTa@JGJQ^[X]LGLQLGTe@PGTY@AAHDCXBHGNAJKNETBHADDJ?NER?DH^APCl@Ft@`@\\\\HFFF?TLF?NLNFRNFRDFNJHADDAJF\\\\Nf@BXBDThAHRf@|AJ|@Nh@b@~@Pv@Ph@Df@DLJh@b@rAA@L`@HLBPTj@Lt@\\\\nADXX`ABVXfAL^Lr@Pj@b@nBNd@^hB?RFLAJL\\\\@JHXFf@JXPfAFJ@\\\\Ld@Jv@HR@NLn@L`ADRFHBXN`AR|@Db@R|@ZhBLb@LdAh@xCJN?TQB_@COIKAIGQGE@EEKAOGK?WQUCIEWk@IMc@{Ac@q@O[U[Ge@a@w@[{@MWKe@MQMU?KII?MU]]}@QIO]GOBGGU?B@EA??CA@KQ\"}, \"name\": \"C’est dur sa mère\", \"type\": \"Run\", \"manual\": false, \"athlete\": {\"id\": 157684209, \"resource_state\": 1}, \"commute\": false, \"flagged\": false, \"gear_id\": null, \"private\": false, \"trainer\": false, \"distance\": 3671.7, \"elev_low\": 7.6, \"pr_count\": 0, \"timezone\": \"(GMT+01:00) Europe/Paris\", \"elev_high\": 16.9, \"max_speed\": 3.96, \"upload_id\": 15804661776, \"end_latlng\": [44.822451, -0.568029], \"has_kudoed\": false, \"sport_type\": \"Run\", \"start_date\": \"2025-06-15T15:33:16Z\", \"utc_offset\": 7200, \"visibility\": \"everyone\", \"device_name\": \"Strava App\", \"external_id\": \"D03344E9-9BE5-448D-877C-4DB068E0EB85-activity.fit\", \"kudos_count\": 3, \"moving_time\": 1741, \"photo_count\": 0, \"elapsed_time\": 1864, \"start_latlng\": [44.824823, -0.573269], \"workout_type\": 0, \"athlete_count\": 2, \"average_speed\": 2.109, \"comment_count\": 1, \"has_heartrate\": false, \"location_city\": null, \"upload_id_str\": \"15804661776\", \"location_state\": null, \"resource_state\": 2, \"location_country\": null, \"start_date_local\": \"2025-06-15T17:33:16Z\", \"achievement_count\": 0, \"from_accepted_tag\": false, \"heartrate_opt_out\": false, \"total_photo_count\": 0, \"total_elevation_gain\": 7.8, \"display_hide_heartrate_option\": false}', '2026-03-05 13:15:36', '2026-03-05 13:15:36', 1),
(31, 14736736010, 'Run', 'Test semelles podologue', 2247.2, 1020, 0, 2.203, NULL, NULL, NULL, NULL, NULL, '2025-06-08 16:49:18', 0, 0, NULL, '{\"id\": 14736736010, \"map\": {\"id\": \"a14736736010\", \"resource_state\": 2, \"summary_polyline\": \"kxqpGtynBR@HO@@FAHBHC`@HJHLAHADBbADHIVDBHAJDb@@~ADjAElA?bAH`@Ar@FPCv@Bl@ERB`BAl@J|AHd@IT@PE|@DZGRBLARK~@?PMn@EHGj@Oj@Gn@Md@EFE?MEA@IIE?YSMUQg@MOUc@_@UEKOGGM]OGMAOD?Xk@DOFGNq@Ve@L]DUHKBYJ]e@oACWM_@I?MCSF[BQIO@GCG@EBGVSJMLGPIJm@VIBGAc@RKFKLCHSD[e@a@a@GEGKSIUUGKWQo@k@U_@?[BOCwABmA?y@BKEm@Bg@C]UK[AeAPQ@QCQFUCODYCIKCK?k@Bm@Aq@Do@?o@Fe@AMNDZAHB\\\\CD@`@?D@Z@FBR@n@CRHJCJ@`@Cd@?b@Nb@@^CN@JDDAt@F\\\\G\\\\AFCBBPCp@FFAD@TB\"}, \"name\": \"Test semelles podologue\", \"type\": \"Run\", \"manual\": false, \"athlete\": {\"id\": 157684209, \"resource_state\": 1}, \"commute\": false, \"flagged\": false, \"gear_id\": null, \"private\": false, \"trainer\": false, \"distance\": 2247.2, \"elev_low\": 14.9, \"pr_count\": 0, \"timezone\": \"(GMT+01:00) Europe/Paris\", \"elev_high\": 16.8, \"max_speed\": 3.78, \"upload_id\": 15726396911, \"end_latlng\": [44.824794, -0.572632], \"has_kudoed\": false, \"sport_type\": \"Run\", \"start_date\": \"2025-06-08T16:49:18Z\", \"utc_offset\": 7200, \"visibility\": \"everyone\", \"device_name\": \"Strava App\", \"external_id\": \"EF63CC6D-B629-4880-B818-7819977C5385-activity.fit\", \"kudos_count\": 3, \"moving_time\": 1020, \"photo_count\": 0, \"elapsed_time\": 1059, \"start_latlng\": [44.824544, -0.572584], \"workout_type\": 0, \"athlete_count\": 1, \"average_speed\": 2.203, \"comment_count\": 1, \"has_heartrate\": false, \"location_city\": null, \"upload_id_str\": \"15726396911\", \"location_state\": null, \"resource_state\": 2, \"location_country\": null, \"start_date_local\": \"2025-06-08T18:49:18Z\", \"achievement_count\": 0, \"from_accepted_tag\": false, \"heartrate_opt_out\": false, \"total_photo_count\": 0, \"total_elevation_gain\": 0, \"display_hide_heartrate_option\": false}', '2026-03-05 13:15:36', '2026-03-05 13:15:36', 1),
(32, 14423385218, 'Run', 'Fractionné d’après maladie', 2694.9, 1304, 4.5, 2.067, NULL, NULL, NULL, NULL, NULL, '2025-05-09 08:33:29', 0, 0, 'g22897675', '{\"id\": 14423385218, \"map\": {\"id\": \"a14423385218\", \"resource_state\": 2, \"summary_polyline\": \"svqpGjynBPHJ?FEJAFHTKF?NJNDNAF@DADBVCFNDZ@h@AX@J?v@B`@EhAF`ACHBL@j@Cf@BTCb@DF@PGh@@n@ATDFEXDF@TAhAFrAFDBFDZHVFh@HXFDHBFC`@HVZDDH?FIL?NIPWJ?FBNfAB@FLFXT`@D?NOLQRUNYF?JDLCZ_@REHIFAN@n@IDGj@[ROJAPKF?b@OPOBGHIVIJO\\\\ONOZQJKHQNCR?RQLENUDEb@EVUN?l@SHGPCDDJO@@TIZAFC@ID@JAVM^EBGDAPPL@FH\\\\l@?VFPA~ABn@LBt@z@HBRNN@JHTAf@Gp@WL?LBDDFT@TTfAJFDLJfADNDBBLB?NK\\\\E^Sl@Ql@WNM@EKcBSaB?SIk@@KIy@AWMaA?ASFKA[FMGO?Oy@?e@EGAU@EI]Ck@EIG{@BMJ@RMF?FEFMr@ON?VEH?XGHGRADE?UCS@c@KcA@SEaACGEGMEG?CEQCCEM?IGM@q@[E@QCCHCESAc@WGDWCIE[AYMIDWAWOIAEEAB]@UHSM[?QI\"}, \"name\": \"Fractionné d’après maladie\", \"type\": \"Run\", \"manual\": false, \"athlete\": {\"id\": 157684209, \"resource_state\": 1}, \"commute\": false, \"flagged\": false, \"gear_id\": \"g22897675\", \"private\": false, \"trainer\": false, \"distance\": 2694.9, \"elev_low\": 15.6, \"pr_count\": 0, \"timezone\": \"(GMT+01:00) Europe/Paris\", \"elev_high\": 20.2, \"max_speed\": 4.29, \"upload_id\": 15389022914, \"end_latlng\": [44.816559, -0.572357], \"has_kudoed\": false, \"sport_type\": \"Run\", \"start_date\": \"2025-05-09T08:33:29Z\", \"utc_offset\": 7200, \"visibility\": \"everyone\", \"device_name\": \"Strava App\", \"external_id\": \"BB8C5175-3AE2-4CB8-9EC6-9091DB33B52C-activity.fit\", \"kudos_count\": 0, \"moving_time\": 1304, \"photo_count\": 0, \"elapsed_time\": 1442, \"start_latlng\": [44.824266, -0.572533], \"workout_type\": 0, \"athlete_count\": 1, \"average_speed\": 2.067, \"comment_count\": 0, \"has_heartrate\": false, \"location_city\": null, \"upload_id_str\": \"15389022914\", \"location_state\": null, \"resource_state\": 2, \"location_country\": null, \"start_date_local\": \"2025-05-09T10:33:29Z\", \"achievement_count\": 0, \"from_accepted_tag\": false, \"heartrate_opt_out\": false, \"total_photo_count\": 0, \"total_elevation_gain\": 4.5, \"display_hide_heartrate_option\": false}', '2026-03-05 13:15:36', '2026-03-05 13:15:36', 1),
(33, 14293285338, 'Run', 'Perte de poids en cours', 2807.9, 1264, 0, 2.221, NULL, NULL, NULL, NULL, NULL, '2025-04-26 15:43:07', 0, 0, 'g22897675', '{\"id\": 14293285338, \"map\": {\"id\": \"a14293285338\", \"resource_state\": 2, \"summary_polyline\": \"oyqpGdynBHABFTHFDVBVTJQ^?LETBLAZBPEL@XCF@BDAZDd@@xABf@@hCFxAONo@F]TSAMHUBGAABG@UHMCMGOCE@HtABNAj@@TCXFZA\\\\DXVf@^\\\\DNXLFLNLRV@L?z@OnALRH@NJTHl@b@`@Lj@m@\\\\UJOl@]`@g@h@]X]TSCMDKXCEWIWS[YSWM?IJc@FKNc@LUZ_@JIFQ\\\\g@Te@`@m@D?BD@j@H^ARDNBb@DTBp@Fl@NhAFdAFZ?FBD?LH`@@RBDi@h@a@?e@Lq@TUTQZ_@b@KVMLCJWTUXOXSRUj@MJa@f@UPMRIFS^GDMSOKWKOMMAOKIACMGESBQI_@g@KGE??CEKIg@ASEKKKIQa@c@GAYUWK?_@BKPYTq@HKHYVg@Ty@T]`@w@RWHMZYr@iAJMROFKBm@A]BY?y@GUFkACu@Ii@@QC_@?mA@g@Cy@?gAXCBMD?LIBDNIB?BGLEd@DLAJEP?FBDCVCRDHCC[B@G@DCA?B?G@DAAA?@D?C@@@C?ALFCPDEC@CC?FDAC\"}, \"name\": \"Perte de poids en cours\", \"type\": \"Run\", \"manual\": false, \"athlete\": {\"id\": 157684209, \"resource_state\": 1}, \"commute\": false, \"flagged\": false, \"gear_id\": \"g22897675\", \"private\": false, \"trainer\": false, \"distance\": 2807.9, \"elev_low\": 15.3, \"pr_count\": 0, \"timezone\": \"(GMT+01:00) Europe/Paris\", \"elev_high\": 17.1, \"max_speed\": 3.98, \"upload_id\": 15252532744, \"end_latlng\": [44.821962, -0.572305], \"has_kudoed\": false, \"sport_type\": \"Run\", \"start_date\": \"2025-04-26T15:43:07Z\", \"utc_offset\": 7200, \"visibility\": \"everyone\", \"device_name\": \"Strava App\", \"external_id\": \"04908B8E-3D5D-40A7-962D-1F060C5EC7DC-activity.fit\", \"kudos_count\": 3, \"moving_time\": 1264, \"photo_count\": 0, \"elapsed_time\": 1717, \"start_latlng\": [44.824723, -0.572502], \"workout_type\": 0, \"athlete_count\": 2, \"average_speed\": 2.221, \"comment_count\": 0, \"has_heartrate\": false, \"location_city\": null, \"upload_id_str\": \"15252532744\", \"location_state\": null, \"resource_state\": 2, \"location_country\": null, \"start_date_local\": \"2025-04-26T17:43:07Z\", \"achievement_count\": 0, \"from_accepted_tag\": false, \"heartrate_opt_out\": false, \"total_photo_count\": 0, \"total_elevation_gain\": 0, \"display_hide_heartrate_option\": false}', '2026-03-05 13:15:36', '2026-03-05 13:15:36', 1),
(34, 14249666308, 'Run', 'Petite course après douleurs', 3560, 1835, 0, 1.94, NULL, NULL, NULL, NULL, NULL, '2025-04-22 08:33:50', 0, 0, 'g22897675', '{\"id\": 14249666308, \"map\": {\"id\": \"a14249666308\", \"resource_state\": 2, \"summary_polyline\": \"cv{hGkpsXPCAABEF?@GEGAI@UACJOHFDA^XFAFDPAf@Sh@EXGH?VLb@`@d@RHJJ?Ta@NKXi@Va@J[^o@L]Ve@Tm@f@_BDSRy@@Of@aCTm@BQHSBMLa@BQGQCGYIEFMM_@U]YH[?UHU?ODCDc@@SCMIIG?eA[MMG?y@c@g@i@ASDQRk@Ry@JSDQJQPi@l@iAb@i@NMXq@JM`@w@Tm@RYF[Zg@HU^k@J]HEFMLMXs@f@_AZu@`@eADQJMHWZi@FWTa@@MNU?MXi@Ti@BMVe@PMFEDOHEJYVc@JEB@DNx@lAl@fAb@d@`@Xl@Zl@r@DJx@dAzCjF@NCL?JGBoAfAe@ZEAODIHUHo@\\\\cB|Aw@l@EJSRCFMHkBrBOJCDWToAtAaAvAYZa@v@]X@LGF?LIRKLKZUV_@|@u@hAo@|AiAzDg@`CEDKAeA[GACB\\\\BHFP@f@RG^Mf@Wv@MVGDG@QIYIEEMCGE@DDBB?@@L@ZFFD?@_@EWQm@UI@KHEVIDKGIM}@g@q@SMCEEKEMA[OI?KG_@Ig@SIUAWF_@AIQOKEKOSA\"}, \"name\": \"Petite course après douleurs\", \"type\": \"Run\", \"manual\": false, \"athlete\": {\"id\": 157684209, \"resource_state\": 1}, \"commute\": false, \"flagged\": false, \"gear_id\": \"g22897675\", \"private\": false, \"trainer\": false, \"distance\": 3560, \"elev_low\": 1.3, \"pr_count\": 0, \"timezone\": \"(GMT+01:00) Europe/Paris\", \"elev_high\": 2.7, \"max_speed\": 3.66, \"upload_id\": 15206983727, \"end_latlng\": [43.564611, 4.204203], \"has_kudoed\": false, \"sport_type\": \"Run\", \"start_date\": \"2025-04-22T08:33:50Z\", \"utc_offset\": 7200, \"visibility\": \"everyone\", \"device_name\": \"Strava App\", \"external_id\": \"FFA8CCB0-7E69-4DE4-B489-F3991ACEA608-activity.fit\", \"kudos_count\": 1, \"moving_time\": 1835, \"photo_count\": 0, \"elapsed_time\": 1912, \"start_latlng\": [43.564668, 4.201188], \"workout_type\": 0, \"athlete_count\": 1, \"average_speed\": 1.94, \"comment_count\": 1, \"has_heartrate\": false, \"location_city\": null, \"upload_id_str\": \"15206983727\", \"location_state\": null, \"resource_state\": 2, \"location_country\": null, \"start_date_local\": \"2025-04-22T10:33:50Z\", \"achievement_count\": 0, \"from_accepted_tag\": false, \"heartrate_opt_out\": false, \"total_photo_count\": 0, \"total_elevation_gain\": 0, \"display_hide_heartrate_option\": false}', '2026-03-05 13:15:36', '2026-03-05 13:15:36', 1),
(35, 14187027682, 'Run', 'Course à pied en soirée', 2645.8, 1555, 15.4, 1.701, 141.7, 176, NULL, NULL, 169.4, '2025-04-15 17:47:26', 0, 0, NULL, '{\"id\": 14187027682, \"map\": {\"id\": \"a14187027682\", \"resource_state\": 2, \"summary_polyline\": \"{xqpGjynBVF`CfBd@NDi@Lk@JOXCdA?d@E`BCdAGX@f@ChA?F@DHCn@@p@Fr@@hDDlB?p@VnAJ|AL`A@x@BR^fAFjBHd@HlB?vBRpFAHEBi@BUJOAMDs@d@OBMC[BMESNcC^QKy@d@INAd@Mt@Af@Sd@CRK`@GLGBQ?YCu@B[OQGc@_@W?MGUAODG?YWWG}@c@c@OQMaAS]SYWOSIGMQCK?]Ju@b@wDDg@AUCUYCAGCAa@C]LAYL_B@_@Da@DOLQLe@?cABIROJQXQR_@ZIN?NCHSb@QJOD]SkAQeBDk@Co@H{ACk@@_@Mk@Bq@McCE[?QHMFAz@BLARBCBDX?z@E^MV@NJa@@@\"}, \"name\": \"Course à pied en soirée\", \"type\": \"Run\", \"manual\": false, \"athlete\": {\"id\": 157684209, \"resource_state\": 1}, \"commute\": false, \"flagged\": false, \"gear_id\": null, \"private\": false, \"trainer\": false, \"distance\": 2645.8, \"elev_low\": 14.2, \"pr_count\": 0, \"timezone\": \"(GMT+01:00) Europe/Paris\", \"elev_high\": 21.4, \"max_speed\": 4.12, \"max_watts\": 386, \"upload_id\": 15141462753, \"end_latlng\": [44.824804, -0.573327], \"has_kudoed\": false, \"kilojoules\": 263.4, \"sport_type\": \"Run\", \"start_date\": \"2025-04-15T17:47:26Z\", \"utc_offset\": 7200, \"visibility\": \"everyone\", \"device_name\": \"Apple Watch SE\", \"external_id\": \"98933A6B-1C00-40D0-B4DD-3EDA8C7ECD4A.fit\", \"kudos_count\": 0, \"moving_time\": 1555, \"photo_count\": 0, \"device_watts\": true, \"elapsed_time\": 1819, \"start_latlng\": [44.824628, -0.572534], \"workout_type\": null, \"athlete_count\": 1, \"average_speed\": 1.701, \"average_watts\": 169.4, \"comment_count\": 1, \"has_heartrate\": true, \"location_city\": null, \"max_heartrate\": 176, \"upload_id_str\": \"15141462753\", \"location_state\": null, \"resource_state\": 2, \"location_country\": null, \"start_date_local\": \"2025-04-15T19:47:26Z\", \"achievement_count\": 0, \"average_heartrate\": 141.7, \"from_accepted_tag\": false, \"heartrate_opt_out\": false, \"total_photo_count\": 0, \"total_elevation_gain\": 15.4, \"weighted_average_watts\": 185, \"display_hide_heartrate_option\": true}', '2026-03-05 13:15:36', '2026-03-05 13:15:36', 1),
(36, 14158207121, 'Run', 'Course à pied en soirée', 2754, 1346, 12, 2.046, 164.5, 187, NULL, NULL, 213.7, '2025-04-12 17:33:32', 0, 0, NULL, '{\"id\": 14158207121, \"map\": {\"id\": \"a14158207121\", \"resource_state\": 2, \"summary_polyline\": \"wyqpGr}nBA{@E]VWh@E^H~@BzBGHBCbBJnAE|BDlABb@C\\\\FjAExBFr@DtBCpAFbDGn@q@rDEv@MZALNf@T`@f@j@t@d@p@`ArAvCZj@d@hALND?BCBIHcA@u@Fc@@k@JwAAm@Be@LqBLmABaBH_B?m@GqAK}@WkA[i@o@c@YM_A}@eAo@YYWm@WaAE]?]GCW@]Ea@HsALq@AoBb@aBJ{@As@PYJoALs@@gAJMACEByBCg@H{@DwBDa@AyBFy@@c@z@B~ACpAN~CBz@DNV?J?FMPCJCP?XEAAPF@?A\"}, \"name\": \"Course à pied en soirée\", \"type\": \"Run\", \"manual\": false, \"athlete\": {\"id\": 157684209, \"resource_state\": 1}, \"commute\": false, \"flagged\": false, \"gear_id\": null, \"private\": false, \"trainer\": false, \"distance\": 2754, \"elev_low\": 14.4, \"pr_count\": 0, \"timezone\": \"(GMT+01:00) Europe/Paris\", \"elev_high\": 20, \"max_speed\": 4.06, \"max_watts\": 345, \"upload_id\": 15111309688, \"end_latlng\": [44.824783, -0.573341], \"has_kudoed\": false, \"kilojoules\": 287.7, \"sport_type\": \"Run\", \"start_date\": \"2025-04-12T17:33:32Z\", \"utc_offset\": 7200, \"visibility\": \"everyone\", \"device_name\": \"Apple Watch SE\", \"external_id\": \"3FA513B2-B512-473F-902E-043761DE605B.fit\", \"kudos_count\": 1, \"moving_time\": 1346, \"photo_count\": 0, \"device_watts\": true, \"elapsed_time\": 1525, \"start_latlng\": [44.82476, -0.573216], \"workout_type\": null, \"athlete_count\": 2, \"average_speed\": 2.046, \"average_watts\": 213.7, \"comment_count\": 0, \"has_heartrate\": true, \"location_city\": null, \"max_heartrate\": 187, \"upload_id_str\": \"15111309688\", \"location_state\": null, \"resource_state\": 2, \"location_country\": null, \"start_date_local\": \"2025-04-12T19:33:32Z\", \"achievement_count\": 0, \"average_heartrate\": 164.5, \"from_accepted_tag\": false, \"heartrate_opt_out\": false, \"total_photo_count\": 0, \"total_elevation_gain\": 12, \"weighted_average_watts\": 215, \"display_hide_heartrate_option\": true}', '2026-03-05 13:15:36', '2026-03-05 13:15:36', 1),
(37, 14119394185, 'AlpineSki', 'Ski alpin en soirée', 3632.1, 2126, 5.3, 1.708, NULL, NULL, NULL, NULL, NULL, '2025-04-08 17:12:04', 0, 0, NULL, '{\"id\": 14119394185, \"map\": {\"id\": \"a14119394185\", \"resource_state\": 2, \"summary_polyline\": \"syqpGj}nBSwAFCJKHADBR?LGL?NNVCHE^DHGPBHGZ?PFj@CFCFD@XEb@@JAV@nA@^DJCXBnB@Z?`@DpAEh@@L?`AOVOr@EDIBa@^QJMd@MR_@Rg@lAKp@MXYVS`@Sv@MXAF^l@l@n@DHFBHPl@f@d@dAPh@?ECDDI?MC?FGPg@HMb@WBODI?c@Do@Lk@LOLy@?MFAN@PCl@@VN`@If@e@H@DTRb@Tt@JNPJFC^i@JEF@JKLCXQDG\\\\INAVENOLEBEFBD\\\\@x@ANDf@C\\\\DDAHDLC\\\\BHAPBd@Ad@B@LANGFBVKf@G`@IHCr@Qt@KF@l@WFQFCFIL]Ze@DMFAHS?IBC@BPYN_@\\\\e@FQP[BMZWF_@LINQLUBOFEBKV_@HULMHc@`@m@?MP[D[DIH?FEHO^m@N[^a@LSRe@hAmBX]`@u@DAXs@NSH]R]L_@Ze@IS[KI@]EGEK?AEKAIEUAYSUE]HMGE?IFS?QEIEIFc@IGBKCC?KIUGGBCDKDq@SQFI@CCKBG?CDK@WGG?GBMGI@[CC@ODOCEB[?QHMEGAWJ]@i@Ec@BQDGAII]EUDKAMHU@EBc@E]PKB@AKCGGG@A@MFUCQDGAQ@GEKAMIIDM?ECK@ADIFMDGAEBe@EM?GDGAI_@II@?ACC?FDA?@@?AE??BFFGI@?E?CFML_@BECKBIAi@NICGBCEMBEDO@MAK@[AG@EBUGWDCCOBGAIFEHEBWEMBKCIDKEE@GEOAm@EUBGCSFE?EJFLEL@PCLBl@AD?DGC?@?CGFD?A@BFDF?E@@ADAE?@C?@@@CC?BEC?@B@EAFD?C@?D?GC??B?A\"}, \"name\": \"Ski alpin en soirée\", \"type\": \"AlpineSki\", \"manual\": false, \"athlete\": {\"id\": 157684209, \"resource_state\": 1}, \"commute\": false, \"flagged\": false, \"gear_id\": null, \"private\": false, \"trainer\": false, \"distance\": 3632.1, \"elev_low\": 14.8, \"pr_count\": 0, \"timezone\": \"(GMT+01:00) Europe/Paris\", \"elev_high\": 18.9, \"max_speed\": 4.54, \"upload_id\": 15070791497, \"end_latlng\": [44.824828, -0.573353], \"has_kudoed\": false, \"sport_type\": \"AlpineSki\", \"start_date\": \"2025-04-08T17:12:04Z\", \"utc_offset\": 7200, \"visibility\": \"everyone\", \"device_name\": \"Strava App\", \"external_id\": \"B4F7A6A7-FA07-4F6C-B19E-D7DF57471436-activity.fit\", \"kudos_count\": 0, \"moving_time\": 2126, \"photo_count\": 0, \"elapsed_time\": 3831, \"start_latlng\": [44.824741, -0.57318], \"athlete_count\": 1, \"average_speed\": 1.708, \"comment_count\": 0, \"has_heartrate\": false, \"location_city\": null, \"upload_id_str\": \"15070791497\", \"location_state\": null, \"resource_state\": 2, \"location_country\": null, \"start_date_local\": \"2025-04-08T19:12:04Z\", \"achievement_count\": 0, \"from_accepted_tag\": false, \"heartrate_opt_out\": false, \"total_photo_count\": 0, \"total_elevation_gain\": 5.3, \"display_hide_heartrate_option\": false}', '2026-03-05 13:15:36', '2026-03-05 13:15:36', 1),
(38, 14100014099, 'Run', 'Course à pied en soirée', 2528.2, 1210, 20.8, 2.089, 167.9, 195, NULL, NULL, 206.5, '2025-04-06 16:36:21', 0, 0, NULL, '{\"id\": 14100014099, \"map\": {\"id\": \"a14100014099\", \"resource_state\": 2, \"summary_polyline\": \"wyqpGb|nBASFe@C_@f@{BHkAReAFe@NmBGYHSPUBSIo@WkACa@IWCSSw@Sm@AQDIXOFE`@m@lAo@Xe@XMX[l@e@XY@IGSoCiG]_AOiAI]q@aAg@eAa@s@Uq@{@yA[e@CAGFKRc@d@u@hB{@tAKLI@Q?IHOj@c@z@Cr@MnAB^BBJC|@o@h@c@ZOJ@f@dBp@hBJPJ`@Zp@DBJGRQr@[`Au@h@Y`@IVKX?b@KPZh@rAt@pBRVlA~CX\\\\Vh@XdAIz@Oh@m@nAmAzBSf@QXSn@MRSbBCj@UdAIhAKd@KD]@o@HYIc@@QA_@JMEC@C@ARJxA\"}, \"name\": \"Course à pied en soirée\", \"type\": \"Run\", \"manual\": false, \"athlete\": {\"id\": 157684209, \"resource_state\": 1}, \"commute\": false, \"flagged\": false, \"gear_id\": null, \"private\": false, \"trainer\": false, \"distance\": 2528.2, \"elev_low\": 6.6, \"pr_count\": 0, \"timezone\": \"(GMT+01:00) Europe/Paris\", \"elev_high\": 18.8, \"max_speed\": 3.6, \"max_watts\": 341, \"upload_id\": 15050581373, \"end_latlng\": [44.824758, -0.5731], \"has_kudoed\": false, \"kilojoules\": 249.9, \"sport_type\": \"Run\", \"start_date\": \"2025-04-06T16:36:21Z\", \"utc_offset\": 7200, \"visibility\": \"everyone\", \"device_name\": \"Apple Watch SE\", \"external_id\": \"64A3EEFA-3503-43CB-9D75-B91A40FE46D4.fit\", \"kudos_count\": 1, \"moving_time\": 1210, \"photo_count\": 0, \"device_watts\": true, \"elapsed_time\": 1290, \"start_latlng\": [44.824764, -0.572977], \"workout_type\": null, \"athlete_count\": 2, \"average_speed\": 2.089, \"average_watts\": 206.5, \"comment_count\": 0, \"has_heartrate\": true, \"location_city\": null, \"max_heartrate\": 195, \"upload_id_str\": \"15050581373\", \"location_state\": null, \"resource_state\": 2, \"location_country\": null, \"start_date_local\": \"2025-04-06T18:36:21Z\", \"achievement_count\": 0, \"average_heartrate\": 167.9, \"from_accepted_tag\": false, \"heartrate_opt_out\": false, \"total_photo_count\": 0, \"total_elevation_gain\": 20.8, \"weighted_average_watts\": 208, \"display_hide_heartrate_option\": true}', '2026-03-05 13:15:36', '2026-03-05 13:15:36', 1),
(39, 13993094836, 'Run', 'Course à pied dans l\'après-midi', 2371.6, 1202, 15.8, 1.973, 161.6, 190, NULL, NULL, 203.6, '2025-03-26 14:50:20', 0, 0, NULL, '{\"id\": 13993094836, \"map\": {\"id\": \"a13993094836\", \"resource_state\": 2, \"summary_polyline\": \"_zqpG~{nBAMGO?MFDZQnAOfAJj@?fAEtC[~ED~@EnA?|@ML@JBDFHj@H~@FbE?fD@Z?j@@pADDFdA^vE?LIXq@h@aAb@IBACEKAe@S_BAa@K]Go@O_AGoASuAB]Ak@Ww@KKu@?[DIHMfCFxACX_@t@i@z@E?c@c@s@_@}@q@c@w@]eAMi@GIIEcABy@Hc@BODa@@WFc@D[Fe@FY?KKAO@_BEgC?w@MgEDMEMGcAJwBAw@Ee@Fg@Do@Aa@Di@?m@DCh@HZERB`@T\"}, \"name\": \"Course à pied dans l\'après-midi\", \"type\": \"Run\", \"manual\": false, \"athlete\": {\"id\": 157684209, \"resource_state\": 1}, \"commute\": false, \"flagged\": false, \"gear_id\": null, \"private\": false, \"trainer\": false, \"distance\": 2371.6, \"elev_low\": 13.6, \"pr_count\": 0, \"timezone\": \"(GMT+01:00) Europe/Paris\", \"elev_high\": 18.6, \"max_speed\": 3.74, \"max_watts\": 317, \"upload_id\": 14936748173, \"end_latlng\": [44.824624, -0.570147], \"has_kudoed\": false, \"kilojoules\": 244.8, \"sport_type\": \"Run\", \"start_date\": \"2025-03-26T14:50:20Z\", \"utc_offset\": 3600, \"visibility\": \"everyone\", \"device_name\": \"Apple Watch SE\", \"external_id\": \"2B617043-C3FD-4125-B979-84A15EEE89E3.fit\", \"kudos_count\": 0, \"moving_time\": 1202, \"photo_count\": 0, \"device_watts\": true, \"elapsed_time\": 1217, \"start_latlng\": [44.824805, -0.572952], \"workout_type\": null, \"athlete_count\": 1, \"average_speed\": 1.973, \"average_watts\": 203.6, \"comment_count\": 0, \"has_heartrate\": true, \"location_city\": null, \"max_heartrate\": 190, \"upload_id_str\": \"14936748173\", \"location_state\": null, \"resource_state\": 2, \"location_country\": null, \"start_date_local\": \"2025-03-26T15:50:20Z\", \"achievement_count\": 0, \"average_heartrate\": 161.6, \"from_accepted_tag\": false, \"heartrate_opt_out\": false, \"total_photo_count\": 0, \"total_elevation_gain\": 15.8, \"weighted_average_watts\": 214, \"display_hide_heartrate_option\": true}', '2026-03-05 13:15:36', '2026-03-05 13:15:36', 1);
INSERT INTO `Activities` (`id`, `stravaId`, `type`, `name`, `distance`, `movingTime`, `totalElevationGain`, `averageSpeed`, `averageHeartrate`, `maxHeartrate`, `calories`, `sufferScore`, `averageWatts`, `startDate`, `commute`, `trainer`, `gearId`, `raw`, `createdAt`, `updatedAt`, `userId`) VALUES
(40, 13927579927, 'Run', 'Course à pied dans l\'après-midi', 2412.7, 1353, 11.2, 1.783, 161.7, 189, NULL, NULL, 189.8, '2025-03-19 15:54:58', 0, 0, NULL, '{\"id\": 13927579927, \"map\": {\"id\": \"a13927579927\", \"resource_state\": 2, \"summary_polyline\": \"ukepGpzrETKR?JBt@^H@h@CLFDL?b@HdANbAHX\\\\z@dAvBj@|@^Lh@BHDP`@?\\\\Qr@AXCJG?a@WKCMCIDMTOb@i@`Aa@xASf@GFGCQ[c@k@a@s@q@eBYa@iB_EuBaEQWE?GHc@pBEFIBEAEEGQE]SsCYeBCY@_@PsBJy@Nc@P_@NSTUFQRY@i@CW?}@H]N_@^_BGISEYM]DWC]UCE?KZ}@Jg@d@oAPcA\\\\sAP]HIh@I\\\\Fd@DRLPRBRAHKr@?PVtAf@nAf@x@Z\\\\FRAHc@jAm@~BUb@G\\\\?d@Uz@BNDFh@ZRRt@d@LLDRJPB~AELEDs@BGA[YY@c@A\"}, \"name\": \"Course à pied dans l\'après-midi\", \"type\": \"Run\", \"manual\": false, \"athlete\": {\"id\": 157684209, \"resource_state\": 1}, \"commute\": false, \"flagged\": false, \"gear_id\": null, \"private\": false, \"trainer\": false, \"distance\": 2412.7, \"elev_low\": 14.6, \"pr_count\": 0, \"timezone\": \"(GMT+01:00) Europe/Paris\", \"elev_high\": 19, \"max_speed\": 3.847, \"max_watts\": 284, \"upload_id\": 14866317753, \"end_latlng\": [44.761016, -1.084656], \"has_kudoed\": false, \"kilojoules\": 256.8, \"sport_type\": \"Run\", \"start_date\": \"2025-03-19T15:54:58Z\", \"utc_offset\": 3600, \"visibility\": \"everyone\", \"device_name\": \"Apple Watch SE\", \"external_id\": \"1E420E97-FCB0-45D7-83DD-AD3123B714D7.fit\", \"kudos_count\": 1, \"moving_time\": 1353, \"photo_count\": 0, \"device_watts\": true, \"elapsed_time\": 1360, \"start_latlng\": [44.761078, -1.084721], \"workout_type\": null, \"athlete_count\": 1, \"average_speed\": 1.783, \"average_watts\": 189.8, \"comment_count\": 0, \"has_heartrate\": true, \"location_city\": null, \"max_heartrate\": 189, \"upload_id_str\": \"14866317753\", \"location_state\": null, \"resource_state\": 2, \"location_country\": null, \"start_date_local\": \"2025-03-19T16:54:58Z\", \"achievement_count\": 0, \"average_heartrate\": 161.7, \"from_accepted_tag\": false, \"heartrate_opt_out\": false, \"total_photo_count\": 0, \"total_elevation_gain\": 11.2, \"weighted_average_watts\": 194, \"display_hide_heartrate_option\": true}', '2026-03-05 13:15:36', '2026-03-05 13:15:37', 1),
(41, 13910618996, 'Run', 'Course à pied en soirée', 5841.4, 3657, 55.8, 1.597, 143.4, 188, NULL, NULL, 147.2, '2025-03-17 19:38:55', 0, 0, NULL, '{\"id\": 13910618996, \"map\": {\"id\": \"a13910618996\", \"resource_state\": 2, \"summary_polyline\": \"{yqpG`}nBIcAAGDCABBAz@Ab@Dr@Gl@CN?VEx@CDBFJGfCB~@At@BlBDh@G`@Jj@@n@EvAe@v@e@`@KVARRbBI`@C?MEo@a@GACBSZ_@`@_@n@W~@e@fACVBVh@l@~BjBj@bAXfAR^TTFNXRNAd@Jf@d@HZX`@r@rAPRPZ\\\\nATf@HVFHbBpAh@VdAfARHp@n@RJP@HHJ@NFTXp@d@tAt@r@f@\\\\JPL\\\\DT@NLNRRPL@TJr@NJJ@FEDMACB@JXN^LDHCx@GRBV?b@G^Cx@Gj@ExBIrB?fABJFBjALFLDTA~BMlB?vBErAR|A@`@JtAD`ANr@JzA?h@Lt@Dt@Hl@HnAAh@Bp@d@rG@`@R^JvABFH@~Aq@TIXCZWDSCe@Bc@AUF{C?yDDc@NWHIjAMr@?RAPG^Gd@ABCB[EoAAqBLc@BgALSVs@t@u@LSh@e@p@u@BK@]KKk@iAs@eAEQD_@Ma@S[M[SUUo@gAuAYe@Wo@[a@[q@i@o@Uo@MWkAyAo@aAc@[SG]YqAu@_@MMM_AW{@u@WEMIy@[WQWKMCOQ_@Yi@IWKSE]KWWqBkAW[[WaAe@]WwAy@w@s@s@[OMe@m@EQ@uAFk@DeANaA@m@D]EgAB_AJoBN}@@i@HoAAw@OmBO_AEO_@g@M[SMMEUYMISISEg@[Wc@WQm@_AWy@K_@GcAFaAEu@AqAIuAF{ACu@CKICQ?g@H[?YEa@AaAMc@BIA\"}, \"name\": \"Course à pied en soirée\", \"type\": \"Run\", \"manual\": false, \"athlete\": {\"id\": 157684209, \"resource_state\": 1}, \"commute\": false, \"flagged\": false, \"gear_id\": null, \"private\": false, \"trainer\": false, \"distance\": 5841.4, \"elev_low\": 14, \"pr_count\": 0, \"timezone\": \"(GMT+01:00) Europe/Paris\", \"elev_high\": 26.8, \"max_speed\": 4.36, \"max_watts\": 280, \"upload_id\": 14847942430, \"end_latlng\": [44.824677, -0.572575], \"has_kudoed\": false, \"kilojoules\": 538.3, \"sport_type\": \"Run\", \"start_date\": \"2025-03-17T19:38:55Z\", \"utc_offset\": 3600, \"visibility\": \"everyone\", \"device_name\": \"Apple Watch SE\", \"external_id\": \"524D418F-FD2D-4672-B002-5A4DA46CC75A.fit\", \"kudos_count\": 1, \"moving_time\": 3657, \"photo_count\": 0, \"device_watts\": true, \"elapsed_time\": 3679, \"start_latlng\": [44.824784, -0.57313], \"workout_type\": null, \"athlete_count\": 1, \"average_speed\": 1.597, \"average_watts\": 147.2, \"comment_count\": 1, \"has_heartrate\": true, \"location_city\": null, \"max_heartrate\": 188, \"upload_id_str\": \"14847942430\", \"location_state\": null, \"resource_state\": 2, \"location_country\": null, \"start_date_local\": \"2025-03-17T20:38:55Z\", \"achievement_count\": 0, \"average_heartrate\": 143.4, \"from_accepted_tag\": false, \"heartrate_opt_out\": false, \"total_photo_count\": 0, \"total_elevation_gain\": 55.8, \"weighted_average_watts\": 158, \"display_hide_heartrate_option\": true}', '2026-03-05 13:15:36', '2026-03-05 13:15:37', 1),
(42, 13865423598, 'Run', 'Course à pied de nuit', 3550.9, 2241, 43.6, 1.585, 145.6, 187, NULL, NULL, 159.1, '2025-03-12 20:04:49', 0, 0, NULL, '{\"id\": 13865423598, \"map\": {\"id\": \"a13865423598\", \"resource_state\": 2, \"summary_polyline\": \"azqpGp}nBFc@AoAf@Jr@Bn@FZ?RG`@Gr@EN@FF@l@CV@h@Fl@A~ALzCGn@FR@LGlA@x@GPaBbB}@nA_@hAQZWTILC\\\\MZc@p@E\\\\M^@`@T^XRVJJPdAdAx@dATPLZRNVJ`@j@@NCp@ETSd@?v@Gf@[rAMZCBME_@AWEGG[C]MkBeAc@Eo@Sa@QSEg@c@ICOEU@]EGEOYYDKJOd@Gr@Mv@KnAEN{@vAs@z@CF\\\\`AVXPb@\\\\j@Pt@LRL^BBNFX\\\\Vp@NP`C`@n@Ft@CLHLDDEDQDwA?OGUB[?cAEi@EOBm@Gc@HMj@uCZoADKL?HETFv@Fx@VF@JgAXoAB{@XkAF_AIGa@GIQUMOOCOR{@Ro@NaAH}@HYB]TaA?KGy@@s@Ek@FqA?a@KiABi@Gm@Bo@GqBa@KOAQDw@DUAOF[@ODS?s@N_@Bc@RUDICGKI]Ee@Cc@@SI{A?s@McCBu@Ai@BM~AGL@J`@E`@@XAXIFEC@L\"}, \"name\": \"Course à pied de nuit\", \"type\": \"Run\", \"manual\": false, \"athlete\": {\"id\": 157684209, \"resource_state\": 1}, \"commute\": false, \"flagged\": false, \"gear_id\": null, \"private\": false, \"trainer\": false, \"distance\": 3550.9, \"elev_low\": 13.4, \"pr_count\": 0, \"timezone\": \"(GMT+01:00) Europe/Paris\", \"elev_high\": 22.8, \"max_speed\": 4, \"max_watts\": 360, \"upload_id\": 14799595549, \"end_latlng\": [44.824859, -0.573301], \"has_kudoed\": false, \"kilojoules\": 356.4, \"sport_type\": \"Run\", \"start_date\": \"2025-03-12T20:04:49Z\", \"utc_offset\": 3600, \"visibility\": \"everyone\", \"device_name\": \"Apple Watch SE\", \"external_id\": \"708C7B3F-E450-4576-8572-8D44886811AE.fit\", \"kudos_count\": 0, \"moving_time\": 2241, \"photo_count\": 0, \"device_watts\": true, \"elapsed_time\": 2290, \"start_latlng\": [44.824813, -0.573203], \"workout_type\": null, \"athlete_count\": 1, \"average_speed\": 1.585, \"average_watts\": 159.1, \"comment_count\": 0, \"has_heartrate\": true, \"location_city\": null, \"max_heartrate\": 187, \"upload_id_str\": \"14799595549\", \"location_state\": null, \"resource_state\": 2, \"location_country\": null, \"start_date_local\": \"2025-03-12T21:04:49Z\", \"achievement_count\": 0, \"average_heartrate\": 145.6, \"from_accepted_tag\": false, \"heartrate_opt_out\": false, \"total_photo_count\": 0, \"total_elevation_gain\": 43.6, \"weighted_average_watts\": 169, \"display_hide_heartrate_option\": true}', '2026-03-05 13:15:36', '2026-03-05 13:15:37', 1),
(43, 13826738363, 'Run', 'Course à pied en soirée', 2225.8, 1220, 13.2, 1.824, 151, 186, NULL, NULL, 186.5, '2025-03-08 19:06:01', 0, 0, NULL, '{\"id\": 13826738363, \"map\": {\"id\": \"a13826738363\", \"resource_state\": 2, \"summary_polyline\": \"_zqpG||nBMyAOOU?OBUHMJGTAhAFp@BhAJn@Dh@ThA?ZEzA@?ZOPHLAt@YR?JIdACb@GLEN?JCL?TKTCLDNVNn@DJDBX@XJT@t@JJ?JCDIEu@@a@H]?mDG_DBQHSB_@Fg@DCn@EX@NAZ?PCL@PCHE@SHE`@HP@NCL?\\\\CNCL?DCKeACEOEIm@GUm@gA[s@e@y@c@{ASk@Ma@KOIYWY_@eAMUYq@EWOU]y@q@wAMUUo@g@aAI@OP_@Tg@f@w@h@_@^iAt@m@p@?FRh@^~A\\\\fBLbAATEPKFMAB@AXBXIb@MjACh@Ov@WhCOdAMNAhB\"}, \"name\": \"Course à pied en soirée\", \"type\": \"Run\", \"manual\": false, \"athlete\": {\"id\": 157684209, \"resource_state\": 1}, \"commute\": false, \"flagged\": false, \"gear_id\": null, \"private\": false, \"trainer\": false, \"distance\": 2225.8, \"elev_low\": 11, \"pr_count\": 0, \"timezone\": \"(GMT+01:00) Europe/Paris\", \"elev_high\": 18.8, \"max_speed\": 4.34, \"max_watts\": 367, \"upload_id\": 14757657835, \"end_latlng\": [44.824789, -0.573171], \"has_kudoed\": false, \"kilojoules\": 227.5, \"sport_type\": \"Run\", \"start_date\": \"2025-03-08T19:06:01Z\", \"utc_offset\": 3600, \"visibility\": \"everyone\", \"device_name\": \"Apple Watch SE\", \"external_id\": \"F76D6A34-F65D-409B-B1BC-35F7242EB8F9.fit\", \"kudos_count\": 2, \"moving_time\": 1220, \"photo_count\": 0, \"device_watts\": true, \"elapsed_time\": 1257, \"start_latlng\": [44.824805, -0.573108], \"workout_type\": null, \"athlete_count\": 1, \"average_speed\": 1.824, \"average_watts\": 186.5, \"comment_count\": 1, \"has_heartrate\": true, \"location_city\": null, \"max_heartrate\": 186, \"upload_id_str\": \"14757657835\", \"location_state\": null, \"resource_state\": 2, \"location_country\": null, \"start_date_local\": \"2025-03-08T20:06:01Z\", \"achievement_count\": 0, \"average_heartrate\": 151, \"from_accepted_tag\": false, \"heartrate_opt_out\": false, \"total_photo_count\": 0, \"total_elevation_gain\": 13.2, \"weighted_average_watts\": 194, \"display_hide_heartrate_option\": true}', '2026-03-05 13:15:36', '2026-03-05 13:15:37', 1),
(44, 13795380486, 'AlpineSki', 'Ski à gourette', 24165, 5305, 2484.8, 4.555, NULL, NULL, NULL, NULL, NULL, '2025-03-05 11:01:47', 0, 0, NULL, '{\"id\": 13795380486, \"map\": {\"id\": \"a13795380486\", \"resource_state\": 2, \"summary_polyline\": \"eaaeGt~aAg@xD^~@w@Ek@qAiByCy@kI_@MEo@s@OYaA[DYw@wCcB{@YqAPoCiCqB_@i@BmBaBqE}B{CMk@sBgDkB]PeAo@Wu@gDkAmAoAcE[{B|@gBrDyEbGYk@Ho@|BeGpAwKm@m@s@?c@l@kFvB_AbAn{@f_@b_@zOf@f@Kz@k@f@@z@dv@_e@Jc@cAaAw@R}@nAM`Cn@tCa@h@?p@yAvC}GbJGpG_DcAa@oDgDyDkA|@SxAVhAWLAh@mDaDoCNaB|@o@vC}DtCu@Vg@Unv@ie@Mu@cBu@q@~@U~B\\\\hCQ`CkBxDgBjBkD|E@nG]lA[D}Bw@KqF{AeCcBoAw@h@Yx@K|@BtAcDyBo@n@oB_@a@f@QfBiAf@Wn@BrAcA^u@m@cB~Ao@Yxu@_e@TUKg@aBs@y@J[v@E|Dt@fB]lBwD|Gq@Jc@bB]LyAhBLtEMb@mANwA_AC}BUe@k@C{AwAiBnA]pAiDuCo@d@eA_@aAR]hBu@CYlBq@p@wBb@w@vBi@b@kCaAiARcAK_@u@_@PSi@s@ME_Ak@IAe@cCgASP[q@w@XGw@u@q@c@DI_Ao@WUs@m@AOgAcAk@_AmE_CaGgAu@c@kA_AEi@y@}Ap@c@iBsAy@Mk@_ACw@FYmAYPe@gAqAu@]H_C}AqECWc@yB`CsB`Fy@KEyAb@kBFcEbAsEy@cBTs@xk@}[uAv@bXqOd@l@Of@y@VyE_@gBn@EdBm@HOr@_@Po@lBo@fCmDrEo@X_FKkBcA_A{Bk@BgDyIs@k@_CUi@Zs@i@}Ar@s@McAt@u@EaARgCjBo@E{@lBHnAbBzEi@lBBxIi@lBCt@\\\\Nl{@gf@pGiDQzAuAf@iC_A}@ZgCWcAu@eAYo@n@uAcA]pAy@Eo@YY|@k@[g@n@g@o@c@f@{@m@a@|@a@[]n@g@Ue@dA{@i@i@p@}@a@a@f@o@O_@^}BYaBv@s@WaIpCe@IqAzChB|Fa@zCBvHc@lAF`B_@b@Br@iCnCmBt@_ASmADw@^g@fAa@[_@n@[]kDd@u@~AQ~AiAMw@JUqCu@{@@e@s@_AwAe@BsA_@]EoAwAsBIs@iBT}AtC\"}, \"name\": \"Ski à gourette\", \"type\": \"AlpineSki\", \"manual\": false, \"athlete\": {\"id\": 157684209, \"resource_state\": 1}, \"commute\": false, \"flagged\": false, \"gear_id\": null, \"private\": false, \"trainer\": false, \"distance\": 24165, \"elev_low\": 1355.6, \"pr_count\": 4, \"timezone\": \"(GMT+01:00) Europe/Paris\", \"elev_high\": 2449.2, \"max_speed\": 17.56, \"upload_id\": 14723671025, \"end_latlng\": [42.957361, -0.333522], \"has_kudoed\": false, \"sport_type\": \"AlpineSki\", \"start_date\": \"2025-03-05T11:01:47Z\", \"utc_offset\": 3600, \"visibility\": \"everyone\", \"device_name\": \"Strava App\", \"external_id\": \"BE8DD622-08D4-4393-8B73-13B8FD82A280-activity.fit\", \"kudos_count\": 1, \"moving_time\": 5305, \"photo_count\": 0, \"elapsed_time\": 6077, \"start_latlng\": [42.93667, -0.342982], \"athlete_count\": 1, \"average_speed\": 4.555, \"comment_count\": 0, \"has_heartrate\": false, \"location_city\": null, \"upload_id_str\": \"14723671025\", \"location_state\": null, \"resource_state\": 2, \"location_country\": null, \"start_date_local\": \"2025-03-05T12:01:47Z\", \"achievement_count\": 12, \"from_accepted_tag\": false, \"heartrate_opt_out\": false, \"total_photo_count\": 2, \"total_elevation_gain\": 2484.8, \"display_hide_heartrate_option\": false}', '2026-03-05 13:15:36', '2026-03-05 13:15:37', 1),
(45, 13787523242, 'Walk', 'Marche dans l\'après-midi', 4249.6, 2854, 27.6, 1.489, 123.6, 141, NULL, NULL, NULL, '2025-03-04 15:02:41', 0, 0, NULL, '{\"id\": 13787523242, \"map\": {\"id\": \"a13787523242\", \"resource_state\": 2, \"summary_polyline\": \"c|qpGf|nBn@_AUEO@SC]D[Cc@PMIQBWK]?w@Ic@@OBc@AUMMAO?MGe@HUKOAg@JiAKg@?_@Gm@Hm@Mm@?_AOU@MCw@TSCm@LUNa@`@IBg@Lw@Fm@Ra@^ODW?KDKFMRQHMLm@d@QTSHc@X]N]HYPYFa@Rs@Re@VS?WFoAt@e@P]ZYNM@IIe@Bo@Pk@\\\\UDQH[Xg@XkAb@IJUJYZc@PQPMDI@OCw@a@ICe@AWBg@AUDi@NYVUL]BSH[Bs@LgBBEECGK{AGSEEq@Ru@@WH]BK?ICKa@g@sHFGDI@OGg@KSpEeBJALOR_@XGPGT@RHRLn@Dh@?x@UR?v@Gx@JDALa@XOZERGXB^EHGXOROBYKw@Co@@WN]j@Wl@MPAXGR@VKTA`@@n@It@?^GH@HDp@Uz@SnBEl@Uf@?LAd@Sn@?h@JJFTARFNl@?jAIj@B^DFXBZAR@h@Gb@DDARMHCTBl@GJDN\\\\j@^h@b@NB^?n@Y`@K^WTCZI|@?`AKP@nAZz@FVJ^JV@XJv@GXI`@Nf@Eb@@^Pt@EN@b@CL@d@An@EJ?TH~@?LDP?B`A?b@EVSh@?CLN@I\"}, \"name\": \"Marche dans l\'après-midi\", \"type\": \"Walk\", \"manual\": false, \"athlete\": {\"id\": 157684209, \"resource_state\": 1}, \"commute\": false, \"flagged\": false, \"gear_id\": null, \"private\": false, \"trainer\": false, \"distance\": 4249.6, \"elev_low\": 11.6, \"pr_count\": 0, \"timezone\": \"(GMT+01:00) Europe/Paris\", \"elev_high\": 20.2, \"max_speed\": 2.853, \"upload_id\": 14715195850, \"end_latlng\": [44.824795, -0.573354], \"has_kudoed\": false, \"sport_type\": \"Walk\", \"start_date\": \"2025-03-04T15:02:41Z\", \"utc_offset\": 3600, \"visibility\": \"everyone\", \"device_name\": \"Apple Watch SE\", \"external_id\": \"2B109198-7286-4019-B218-D90287886DD5.fit\", \"kudos_count\": 0, \"moving_time\": 2854, \"photo_count\": 0, \"elapsed_time\": 3460, \"start_latlng\": [44.825145, -0.572991], \"athlete_count\": 1, \"average_speed\": 1.489, \"comment_count\": 0, \"has_heartrate\": true, \"location_city\": null, \"max_heartrate\": 141, \"upload_id_str\": \"14715195850\", \"location_state\": null, \"resource_state\": 2, \"location_country\": null, \"start_date_local\": \"2025-03-04T16:02:41Z\", \"achievement_count\": 0, \"average_heartrate\": 123.6, \"from_accepted_tag\": false, \"heartrate_opt_out\": false, \"total_photo_count\": 0, \"total_elevation_gain\": 27.6, \"display_hide_heartrate_option\": true}', '2026-03-05 13:15:36', '2026-03-05 13:15:37', 1),
(46, 13779009228, 'Run', 'Course à pied dans l\'après-midi', 3081, 1773, 20.2, 1.738, 154, 190, NULL, NULL, 171.2, '2025-03-03 16:58:32', 0, 0, NULL, '{\"id\": 13779009228, \"map\": {\"id\": \"a13779009228\", \"resource_state\": 2, \"summary_polyline\": \"}rmpG|_qBHBJLAb@K|@_@hAGf@Cf@@h@?f@m@hCSl@MPsADsBEw@Og@GsAGc@Io@?uAa@G?KJK?CFCb@Kz@WlA]lAUbACj@Dz@AFADUHOJOX@ZH\\\\LZ@f@EnCIxAG^CdAI\\\\GHIBECYU[c@MGe@CU@SEe@Qc@[M]EGQ@IIKSCM@oBBcAAMI@YPKT_@\\\\ALEFc@F[KAK?s@EkA@c@FSPM`A?p@MLIJk@@KSo@Ag@Fe@FsAJ]Xe@BU@{BJa@BwAHo@@q@Jq@@s@PyAAm@DmBGs@@UHYAgAHgAJo@TeCHk@Ne@Fm@F_ACyABOJOPKJARBt@ANBDD\\\\AjAYLGHMLEFBl@`An@d@BHVNhDz@n@\\\\d@HDPPDFBVl@Jl@N^Jf@Tl@NRj@l@PXRJ\\\\n@`@j@BJAb@S\\\\M`@Wf@CJJf@p@\\\\C?IM\"}, \"name\": \"Course à pied dans l\'après-midi\", \"type\": \"Run\", \"manual\": false, \"athlete\": {\"id\": 157684209, \"resource_state\": 1}, \"commute\": false, \"flagged\": false, \"gear_id\": null, \"private\": false, \"trainer\": false, \"distance\": 3081, \"elev_low\": 10.6, \"pr_count\": 0, \"timezone\": \"(GMT+01:00) Europe/Paris\", \"elev_high\": 22.6, \"max_speed\": 4.48, \"max_watts\": 366, \"upload_id\": 14705995436, \"end_latlng\": [44.803321, -0.583778], \"has_kudoed\": false, \"kilojoules\": 303.6, \"sport_type\": \"Run\", \"start_date\": \"2025-03-03T16:58:32Z\", \"utc_offset\": 3600, \"visibility\": \"everyone\", \"device_name\": \"Apple Watch SE\", \"external_id\": \"602D6CA3-5D47-4FE1-AFC6-B95CB1009CC2.fit\", \"kudos_count\": 1, \"moving_time\": 1773, \"photo_count\": 0, \"device_watts\": true, \"elapsed_time\": 1865, \"start_latlng\": [44.803194, -0.58383], \"workout_type\": null, \"athlete_count\": 1, \"average_speed\": 1.738, \"average_watts\": 171.2, \"comment_count\": 0, \"has_heartrate\": true, \"location_city\": null, \"max_heartrate\": 190, \"upload_id_str\": \"14705995436\", \"location_state\": null, \"resource_state\": 2, \"location_country\": null, \"start_date_local\": \"2025-03-03T17:58:32Z\", \"achievement_count\": 0, \"average_heartrate\": 154, \"from_accepted_tag\": false, \"heartrate_opt_out\": false, \"total_photo_count\": 0, \"total_elevation_gain\": 20.2, \"weighted_average_watts\": 188, \"display_hide_heartrate_option\": true}', '2026-03-05 13:15:36', '2026-03-05 13:15:37', 1),
(47, 13769071256, 'Walk', 'Marche dans l\'après-midi', 2512.4, 1325, 30.4, 1.896, 103.3, 117, NULL, NULL, NULL, '2025-03-02 13:30:59', 0, 0, NULL, '{\"id\": 13769071256, \"map\": {\"id\": \"a13769071256\", \"resource_state\": 2, \"summary_polyline\": \"yj{sG}q}BHVVVTf@n@d@VZTN`Az@r@r@TLn@h@H?n@kBZRf@h@ZTj@Px@Jf@@ZIJKF[NDR@zAKTCNGNQ@MAGWMMCYNOBW?GCEIAIDqA{@KwAWi@Gk@QSK@OFQX[FSDGLTD^@C@B^AFKF[?DD?EC@YCMIIYMCC@SHYxD{EtKkL\\\\U^Oh@Eh@BpBVRADERs@HMJGRCJCJO@WCiA?v@CBM?@DD@E?CZETABS?IBY|@KPIBKAaBYu@Ee@DQDa@TcJvJuEnFy@p@WLc@?SEi@Q{@m@}AeBMMUMUEe@Ai@BmANY@GA}@oASKu@[CDSpA?TNtAHh@RZFMKACG?]O_B@YFd@BbAH|@F?\"}, \"name\": \"Marche dans l\'après-midi\", \"type\": \"Walk\", \"manual\": false, \"athlete\": {\"id\": 157684209, \"resource_state\": 1}, \"commute\": false, \"flagged\": false, \"gear_id\": null, \"private\": false, \"trainer\": false, \"distance\": 2512.4, \"elev_low\": 98.6, \"pr_count\": 0, \"timezone\": \"(GMT+01:00) Europe/Paris\", \"elev_high\": 113.2, \"max_speed\": 16.36, \"upload_id\": 14695121434, \"end_latlng\": [45.365446, 0.648932], \"has_kudoed\": false, \"sport_type\": \"Walk\", \"start_date\": \"2025-03-02T13:30:59Z\", \"utc_offset\": 3600, \"visibility\": \"everyone\", \"device_name\": \"Apple Watch SE\", \"external_id\": \"4FD80415-5710-41AD-A7CF-4F1CE23F6EA4.fit\", \"kudos_count\": 0, \"moving_time\": 1325, \"photo_count\": 0, \"elapsed_time\": 2749, \"start_latlng\": [45.365095, 0.648156], \"athlete_count\": 1, \"average_speed\": 1.896, \"comment_count\": 0, \"has_heartrate\": true, \"location_city\": null, \"max_heartrate\": 117, \"upload_id_str\": \"14695121434\", \"location_state\": null, \"resource_state\": 2, \"location_country\": null, \"start_date_local\": \"2025-03-02T14:30:59Z\", \"achievement_count\": 0, \"average_heartrate\": 103.3, \"from_accepted_tag\": false, \"heartrate_opt_out\": false, \"total_photo_count\": 0, \"total_elevation_gain\": 30.4, \"display_hide_heartrate_option\": true}', '2026-03-05 13:15:36', '2026-03-05 13:15:37', 1),
(48, 13767728172, 'Walk', 'Marche dans l\'après-midi', 1637.4, 958, 8, 1.709, 114.1, 129, NULL, NULL, NULL, '2025-02-28 14:47:11', 0, 0, NULL, '{\"id\": 13767728172, \"map\": {\"id\": \"a13767728172\", \"resource_state\": 2, \"summary_polyline\": \"gqspGjeoBGHG`@EFW?YQE?i@`@GLIHWCO?QFS@QFe@d@A@B@DC@XF@DDBd@?FINIBFNDB@LShBHm@AKBSEQ@OCGGBCD@@FGEJE\\\\BVHHHPA\\\\\"}, \"name\": \"Marche dans l\'après-midi\", \"type\": \"Walk\", \"manual\": false, \"athlete\": {\"id\": 157684209, \"resource_state\": 1}, \"commute\": false, \"flagged\": false, \"gear_id\": null, \"private\": false, \"trainer\": false, \"distance\": 1637.4, \"elev_low\": 16.4, \"pr_count\": 0, \"timezone\": \"(GMT+01:00) Europe/Paris\", \"elev_high\": 24.6, \"max_speed\": 7.509, \"upload_id\": 14693660866, \"end_latlng\": [44.834926, -0.576417], \"has_kudoed\": false, \"sport_type\": \"Walk\", \"start_date\": \"2025-02-28T14:47:11Z\", \"utc_offset\": 3600, \"visibility\": \"everyone\", \"device_name\": \"Apple Watch SE\", \"external_id\": \"AB425031-CC08-4F3A-B1FB-E3574C19C870.fit\", \"kudos_count\": 2, \"moving_time\": 958, \"photo_count\": 0, \"elapsed_time\": 2226, \"start_latlng\": [44.833646, -0.574457], \"athlete_count\": 1, \"average_speed\": 1.709, \"comment_count\": 0, \"has_heartrate\": true, \"location_city\": null, \"max_heartrate\": 129, \"upload_id_str\": \"14693660866\", \"location_state\": null, \"resource_state\": 2, \"location_country\": null, \"start_date_local\": \"2025-02-28T15:47:11Z\", \"achievement_count\": 0, \"average_heartrate\": 114.1, \"from_accepted_tag\": false, \"heartrate_opt_out\": false, \"total_photo_count\": 0, \"total_elevation_gain\": 8, \"display_hide_heartrate_option\": true}', '2026-03-05 13:15:36', '2026-03-05 13:15:37', 1);

-- --------------------------------------------------------

--
-- Structure de la table `Goals`
--

CREATE TABLE `Goals` (
  `id` int NOT NULL,
  `userId` int NOT NULL,
  `type` enum('distance_monthly','sessions_weekly','calories_weekly','elevation_monthly') COLLATE utf8mb4_unicode_ci NOT NULL,
  `sportType` varchar(50) COLLATE utf8mb4_unicode_ci DEFAULT NULL,
  `targetValue` float NOT NULL,
  `period` enum('week','month') COLLATE utf8mb4_unicode_ci NOT NULL,
  `active` tinyint(1) DEFAULT '1',
  `createdAt` datetime NOT NULL,
  `updatedAt` datetime NOT NULL
) ENGINE=InnoDB DEFAULT CHARSET=utf8mb4 COLLATE=utf8mb4_unicode_ci;

-- --------------------------------------------------------

--
-- Structure de la table `RefreshTokens`
--

CREATE TABLE `RefreshTokens` (
  `id` int NOT NULL,
  `token` varchar(500) COLLATE utf8mb4_unicode_ci NOT NULL,
  `userId` int NOT NULL,
  `expiresAt` datetime NOT NULL,
  `revoked` tinyint(1) DEFAULT '0',
  `revokedAt` datetime DEFAULT NULL,
  `createdAt` datetime NOT NULL,
  `updatedAt` datetime NOT NULL
) ENGINE=InnoDB DEFAULT CHARSET=utf8mb4 COLLATE=utf8mb4_unicode_ci;

--
-- Déchargement des données de la table `RefreshTokens`
--

INSERT INTO `RefreshTokens` (`id`, `token`, `userId`, `expiresAt`, `revoked`, `revokedAt`, `createdAt`, `updatedAt`) VALUES
(1, 'eyJhbGciOiJIUzI1NiIsInR5cCI6IkpXVCJ9.eyJpZCI6MTcsInR5cGUiOiJyZWZyZXNoIiwiaWF0IjoxNzY0MTQ2NjMwLCJleHAiOjE3NjQ3NTE0MzB9.IQ6UmBASFyDaqH4Xjat2aQZkLr6eliNbkn6ACL0hp7Y', 17, '2025-12-03 08:43:50', 0, NULL, '2025-11-26 08:43:50', '2025-11-26 08:43:50'),
(2, 'eyJhbGciOiJIUzI1NiIsInR5cCI6IkpXVCJ9.eyJpZCI6MTcsInR5cGUiOiJyZWZyZXNoIiwiaWF0IjoxNzY0MTQ3MjY3LCJleHAiOjE3NjQ1NzkyNjd9.mvMAPx51IG6XB2fAlAC5eYL7GjsSug__0dR509Z90mg', 17, '2025-12-01 08:54:27', 0, NULL, '2025-11-26 08:54:27', '2025-11-26 08:54:27'),
(3, 'eyJhbGciOiJIUzI1NiIsInR5cCI6IkpXVCJ9.eyJpZCI6MSwidHlwZSI6InJlZnJlc2giLCJpYXQiOjE3NjQyNDg0OTQsImV4cCI6MTc2NDY4MDQ5NH0.umRLffn3teUqNMPmEbzcjp50QJHFB4_2KUhNGZnYDlM', 1, '2025-12-02 13:01:34', 0, NULL, '2025-11-27 13:01:34', '2025-11-27 13:01:34'),
(4, 'eyJhbGciOiJIUzI1NiIsInR5cCI6IkpXVCJ9.eyJpZCI6MSwidHlwZSI6InJlZnJlc2giLCJpYXQiOjE3NjQyNDk4NDgsImV4cCI6MTc2NDY4MTg0OH0.U3ddbgN3uXZM4Irv68vT45OvGdkSNjm651PBSHD05i8', 1, '2025-12-02 13:24:08', 1, '2025-11-27 13:32:25', '2025-11-27 13:24:08', '2025-11-27 13:32:25'),
(5, 'eyJhbGciOiJIUzI1NiIsInR5cCI6IkpXVCJ9.eyJpZCI6MTAsInR5cGUiOiJyZWZyZXNoIiwiaWF0IjoxNzY0MjUwNTAxLCJleHAiOjE3NjQ2ODI1MDF9.DRHo2RfBWuGBn85u-QDNO0c0RNZoNn2g4wmn4BkRR2A', 10, '2025-12-02 13:35:01', 1, '2025-11-27 14:50:05', '2025-11-27 13:35:01', '2025-11-27 14:50:05'),
(6, 'eyJhbGciOiJIUzI1NiIsInR5cCI6IkpXVCJ9.eyJpZCI6MSwidHlwZSI6InJlZnJlc2giLCJpYXQiOjE3NjQyNTUwMTAsImV4cCI6MTc2NDY4NzAxMH0.kiXhXjDN9KnKteQ0yfhyaeDCOWsfi8QrH6AEwRIlxAQ', 1, '2025-12-02 14:50:10', 0, NULL, '2025-11-27 14:50:10', '2025-11-27 14:50:10'),
(7, 'eyJhbGciOiJIUzI1NiIsInR5cCI6IkpXVCJ9.eyJpZCI6MSwidHlwZSI6InJlZnJlc2giLCJpYXQiOjE3NjU1NDU5NTgsImV4cCI6MTc2NTk3Nzk1OH0.E_QotUlbUYaak0UPIl0tTZmfivCIJGHX-9raFJGNZEY', 1, '2025-12-17 13:25:58', 1, '2025-12-12 14:44:52', '2025-12-12 13:25:58', '2025-12-12 14:44:52'),
(8, 'eyJhbGciOiJIUzI1NiIsInR5cCI6IkpXVCJ9.eyJpZCI6MTgsInR5cGUiOiJyZWZyZXNoIiwiaWF0IjoxNzY1NTUwNzU5LCJleHAiOjE3NjU5ODI3NTl9.FX3fXApcCDzcQfnjEuUfsl-F0stmozTT1vDdOQvHDwk', 18, '2025-12-17 14:45:59', 1, '2025-12-12 15:14:48', '2025-12-12 14:45:59', '2025-12-12 15:14:48'),
(9, 'eyJhbGciOiJIUzI1NiIsInR5cCI6IkpXVCJ9.eyJpZCI6MSwidHlwZSI6InJlZnJlc2giLCJpYXQiOjE3NjU1NTI0OTQsImV4cCI6MTc2NTk4NDQ5NH0.MOzDbRxGKjEiIdFHmPNUExnosZmyyMgR8VPQSr_LGp4', 1, '2025-12-17 15:14:54', 0, NULL, '2025-12-12 15:14:54', '2025-12-12 15:14:54'),
(10, 'eyJhbGciOiJIUzI1NiIsInR5cCI6IkpXVCJ9.eyJpZCI6MSwidHlwZSI6InJlZnJlc2giLCJpYXQiOjE3NjU1NTUxNzAsImV4cCI6MTc2NTk4NzE3MH0.vyrTvmkJM7uc-94wK1T9fmB-siI0duDwct4WIg82DMM', 1, '2025-12-17 15:59:30', 0, NULL, '2025-12-12 15:59:30', '2025-12-12 15:59:30'),
(11, 'eyJhbGciOiJIUzI1NiIsInR5cCI6IkpXVCJ9.eyJpZCI6MSwidHlwZSI6InJlZnJlc2giLCJpYXQiOjE3NjYzMTA3NDUsImV4cCI6MTc2Njc0Mjc0NX0.VEPvhnL212Exsb9IW9EV3ClZ117_hTfIGBP73xF8J9k', 1, '2025-12-26 09:52:25', 0, NULL, '2025-12-21 09:52:25', '2025-12-21 09:52:25'),
(12, 'eyJhbGciOiJIUzI1NiIsInR5cCI6IkpXVCJ9.eyJpZCI6MSwidHlwZSI6InJlZnJlc2giLCJpYXQiOjE3NjY4NjA3NTQsImV4cCI6MTc2NzI5Mjc1NH0.RaVmbEblgiGb1ndt2JTm8cNHL2TzkIOhE9AnA_SR89s', 1, '2026-01-01 18:39:14', 0, NULL, '2025-12-27 18:39:14', '2025-12-27 18:39:14'),
(13, 'eyJhbGciOiJIUzI1NiIsInR5cCI6IkpXVCJ9.eyJpZCI6MTksInR5cGUiOiJyZWZyZXNoIiwiaWF0IjoxNzY3NjI1NDEwLCJleHAiOjE3NjgwNTc0MTB9.OpnxwxB0nRwXUTCyyOKF8IRIqC3VnrnXPswBh3fTu0c', 19, '2026-01-10 15:03:30', 1, '2026-01-05 15:10:03', '2026-01-05 15:03:30', '2026-01-05 15:10:03'),
(14, 'eyJhbGciOiJIUzI1NiIsInR5cCI6IkpXVCJ9.eyJpZCI6MSwidHlwZSI6InJlZnJlc2giLCJpYXQiOjE3Njc2MjcwMDIsImV4cCI6MTc2ODA1OTAwMn0.g-xEo6Ekb9YaEhABBqGMdcFrInZ5FXv4N1YSwbs-upA', 1, '2026-01-10 15:30:02', 1, '2026-01-05 15:31:34', '2026-01-05 15:30:02', '2026-01-05 15:31:34'),
(15, 'eyJhbGciOiJIUzI1NiIsInR5cCI6IkpXVCJ9.eyJpZCI6MSwidHlwZSI6InJlZnJlc2giLCJpYXQiOjE3Njc2MjcxMDMsImV4cCI6MTc2ODA1OTEwM30.kVGuKtO3FYB7c9C_ac64977vuC_2vx4_et7Rd13a4j4', 1, '2026-01-10 15:31:43', 0, NULL, '2026-01-05 15:31:43', '2026-01-05 15:31:43'),
(16, 'eyJhbGciOiJIUzI1NiIsInR5cCI6IkpXVCJ9.eyJpZCI6MSwidHlwZSI6InJlZnJlc2giLCJpYXQiOjE3NzA2MzkyOTAsImV4cCI6MTc3MTA3MTI5MH0.UZ6MWXd6ypRRfaTWPz9iEJSwT62fHMq89LHBquLCE3o', 1, '2026-02-14 12:14:50', 0, NULL, '2026-02-09 12:14:50', '2026-02-09 12:14:50'),
(17, 'eyJhbGciOiJIUzI1NiIsInR5cCI6IkpXVCJ9.eyJpZCI6MSwidHlwZSI6InJlZnJlc2giLCJpYXQiOjE3NzI2NDE1ODYsImV4cCI6MTc3MzA3MzU4Nn0.SsL3rPapGVNzxFHyKhfIaheL0hP68i77_aYxeXF8PjM', 1, '2026-03-09 16:26:26', 0, NULL, '2026-03-04 16:26:26', '2026-03-04 16:26:26'),
(18, 'eyJhbGciOiJIUzI1NiIsInR5cCI6IkpXVCJ9.eyJpZCI6MSwidHlwZSI6InJlZnJlc2giLCJpYXQiOjE3NzI2NTA1MzYsImV4cCI6MTc3MzA4MjUzNn0.zCitTCfSMi7JCJf80rESyvSovcVUQVZ41XxnjA-ceps', 1, '2026-03-09 18:55:36', 0, NULL, '2026-03-04 18:55:36', '2026-03-04 18:55:36'),
(19, 'eyJhbGciOiJIUzI1NiIsInR5cCI6IkpXVCJ9.eyJpZCI6MSwidHlwZSI6InJlZnJlc2giLCJpYXQiOjE3NzI3MjEwOTgsImV4cCI6MTc3MzE1MzA5OH0.p8wzd4SlPpl2ItXQoU8PeTNSZaDz-fwsAYcIwjH6ljg', 1, '2026-03-10 14:31:38', 0, NULL, '2026-03-05 14:31:38', '2026-03-05 14:31:38'),
(20, 'eyJhbGciOiJIUzI1NiIsInR5cCI6IkpXVCJ9.eyJpZCI6MSwidHlwZSI6InJlZnJlc2giLCJpYXQiOjE3NzI4MDg4MTQsImV4cCI6MTc3MzI0MDgxNH0.nYTfATtWhJknXFa2Vi-cw-_XNFl460ZagsUacLKzqd4', 1, '2026-03-11 14:53:34', 1, '2026-03-06 15:08:53', '2026-03-06 14:53:34', '2026-03-06 15:08:53'),
(21, 'eyJhbGciOiJIUzI1NiIsInR5cCI6IkpXVCJ9.eyJpZCI6MSwidHlwZSI6InJlZnJlc2giLCJpYXQiOjE3NzI4MDk3NDAsImV4cCI6MTc3MzI0MTc0MH0.1mjkVXfXwMijT0oa8y43ub0AV12z5GknZBpkjTYtDDI', 1, '2026-03-11 15:09:00', 0, NULL, '2026-03-06 15:09:00', '2026-03-06 15:09:00');

-- --------------------------------------------------------

--
-- Structure de la table `Users`
--

CREATE TABLE `Users` (
  `id` int NOT NULL,
  `email` varchar(255) NOT NULL,
  `password` varchar(255) NOT NULL,
  `height` float DEFAULT NULL,
  `age` int DEFAULT NULL,
  `pseudo` varchar(255) DEFAULT NULL,
  `gender` varchar(255) DEFAULT NULL,
  `targetWeight` float DEFAULT NULL,
  `stravaAccessToken` varchar(255) DEFAULT NULL,
  `stravaRefreshToken` varchar(255) DEFAULT NULL,
  `stravaExpiresAt` int DEFAULT NULL,
  `createdAt` datetime NOT NULL,
  `updatedAt` datetime NOT NULL,
  `consoKcal` int DEFAULT NULL,
  `weeksToGoal` float DEFAULT NULL,
  `country` varchar(255) DEFAULT 'FR',
  `imc` float DEFAULT NULL COMMENT 'Indice de Masse Corporelle (IMC)',
  `stravaApiKey` varchar(255) DEFAULT NULL COMMENT 'Clé API Strava personnelle de l''utilisateur',
  `lastSyncAt` datetime DEFAULT NULL
) ENGINE=InnoDB DEFAULT CHARSET=utf8mb4 COLLATE=utf8mb4_0900_ai_ci;

--
-- Déchargement des données de la table `Users`
--

INSERT INTO `Users` (`id`, `email`, `password`, `height`, `age`, `pseudo`, `gender`, `targetWeight`, `stravaAccessToken`, `stravaRefreshToken`, `stravaExpiresAt`, `createdAt`, `updatedAt`, `consoKcal`, `weeksToGoal`, `country`, `imc`, `stravaApiKey`, `lastSyncAt`) VALUES
(1, 'WILLIAMPEYNICHOU@GMAIL.COM', '$2b$10$f2mMEVQwjDo2WPIrSSRRDucfx27VJhk9a845J5gZGBid13JhCL8Fy', 185, 27, 'wili', 'male', 85, '31535c49a4a35d7e6c40a49a87c76566c4b57ae1', 'db5c59041e0718f60c27c8e46d60e529d8fef3b2', 1772831470, '2025-11-20 12:51:39', '2026-03-06 15:27:59', 1908, 28.6, 'FR', 27.76, NULL, NULL),
(3, 'demo@test.com', '$2b$10$ikKG1Gsnc1jppL5HkHWueesKMgN7/K9P5J7WS/iSX2f8il.usSVOK', NULL, NULL, 'DemoUser', NULL, NULL, NULL, NULL, NULL, '2025-11-20 17:28:10', '2025-11-20 17:28:10', NULL, NULL, 'FR', NULL, NULL, NULL),
(4, 'williampro1711@gmail.com', '$2b$10$HyZdx1cszR.NeKARYU.kAOKSomYuJpqBpoRMhtSNMvuepEfJN/y5K', 186, 27, 'WiliTest', NULL, 80, 'd136442d3e7ffecf209293ac11b036bedae37e12', '19667e8995c051740695cbd91887a12985ae5f98', 1763672333, '2025-11-20 17:29:30', '2025-11-20 17:30:47', NULL, NULL, 'FR', NULL, NULL, NULL),
(5, 'yusuf@yusuf.com', '$2b$10$I7HDWHk91H84nIsBJ.pZZe/totN.hwS60TEktbLkhFOnI4ytSQbD2', 178, 22, 'yus', NULL, 82, NULL, NULL, NULL, '2025-11-21 13:23:27', '2025-11-21 13:25:24', 2513, 33, 'FR', NULL, NULL, NULL),
(6, 'testital@testita.com', '$2b$10$Uk/iMMkFkXE5KUKak7PXEeUhLyfZArZ1uJ3HLcwfe7Q/Ge9NLmfLS', NULL, NULL, 'Ita', NULL, NULL, '353057e88bb63725b8f86916c23e341be382f5d7', '19667e8995c051740695cbd91887a12985ae5f98', 1763736637, '2025-11-21 13:31:35', '2025-11-21 13:32:03', NULL, NULL, 'IT', NULL, NULL, NULL),
(7, 'serife.karagur@laplateforme.io', '$2b$10$gY0jh0V.PeUoAt6agD/UGOZgV8AZawL35vjevwBr9wd0qL3C9nncm', 165, 34, 'Serife', 'female', 57, NULL, NULL, NULL, '2025-11-21 13:34:13', '2025-11-21 13:36:37', 1300, 50.6, 'TR', NULL, NULL, NULL),
(8, 'atif@atif.com', '$2b$10$.AURjhOGuX3RqKWlMnjZne5xQ0plNLtdaQiGLZaGy3JtE7EdGdjHS', 190, 38, 'atifinator', 'male', 90, 'c9da1efdb43b29bfeb8c949787db9fb78b211c0a', '19667e8995c051740695cbd91887a12985ae5f98', 1763755021, '2025-11-21 13:55:45', '2025-11-21 13:57:00', NULL, NULL, 'FR', NULL, NULL, NULL),
(9, 'test1@test.com', '$2b$10$Fik9zdazXkk1OEbEe199uOWUAMLnnpzK/DmX3Z/DpLAx/4gf83fUS', 170, 73, 'Test', 'male', 65, 'c9da1efdb43b29bfeb8c949787db9fb78b211c0a', '19667e8995c051740695cbd91887a12985ae5f98', 1763755021, '2025-11-21 14:06:24', '2025-11-21 14:56:55', NULL, NULL, 'FR', NULL, NULL, NULL),
(10, 'testStrava@testStrava.com', '$2b$10$Q5R.7h1bMcnCiwhVZM9.XeLZq2lPkj4DycuLgtCV4t0QwdgVZxgQG', 195, 16, 'Strava', 'male', 100, NULL, NULL, NULL, '2025-11-21 15:07:01', '2025-11-21 15:12:55', NULL, NULL, 'FR', NULL, NULL, NULL),
(11, 'test@example.com', '$2b$10$6JtzcSpTGrD0yOBVMSrg6O6RGZRGRVunE2MQYtLIrmlo4tMLE98p6', NULL, NULL, 'test', NULL, NULL, NULL, NULL, NULL, '2025-11-21 15:22:56', '2025-11-21 15:22:56', NULL, NULL, 'FR', NULL, NULL, NULL),
(12, 'bite@bite.com', '$2b$10$p6jK9hfwcxAGNfIYoAI6t.mNZR9AoM0YWqkAEt60Qf51rvN.pbyu2', 206, 25, 'bite', 'male', 85, 'e48b23f4a27eaa0cf30b7c1d344ba837a7f0b29e', 'db5c59041e0718f60c27c8e46d60e529d8fef3b2', 1763759286, '2025-11-21 15:23:28', '2025-11-21 15:25:50', NULL, NULL, 'FR', NULL, NULL, NULL),
(13, 'william@gmail.com', '$2b$10$jNv9Y5Rqd8cNWp9teeRPwOS9D9wacyLJLVeFe7vsKebYZjPGG70rG', 175, 20, 'testStrava@strava.com', 'male', 69.6, NULL, NULL, NULL, '2025-11-21 15:42:44', '2025-11-21 15:42:54', NULL, NULL, 'FR', NULL, NULL, NULL),
(14, 'pres@pres.com', '$2b$10$t2PYwYPJMJwtP/D2/TPKhu7xMyqkr3nA20XJaCSL0pn5rqGEsKkHS', 185, 28, 'titi', 'male', 82, '9725115915e54aaeac75503a11343483a3ae1c10', 'db5c59041e0718f60c27c8e46d60e529d8fef3b2', 1764001452, '2025-11-24 08:40:01', '2025-11-24 10:24:12', NULL, NULL, 'FR', NULL, NULL, NULL),
(17, 'test@test.com', '$2b$10$Xb.Nyj2Q3aLXFJaNKTVmouEtduECjFfLqBjq5h2/9/WApei1ZVHS2', 188, 26, 'test', 'male', 85, '5a76aba7a9384fc1c6c0aa779f769c8434347b7f', 'db5c59041e0718f60c27c8e46d60e529d8fef3b2', 1764255216, '2025-11-26 08:43:50', '2025-11-27 08:53:36', 2020, 44, 'FR', NULL, NULL, NULL),
(18, 'victor@victor.com', '$2b$10$WJJaTM3LcB3RTY7vqimdTOOlHPAcbKSuRYydi0QJcGCYXNXhuBm5u', 200, 23, 'Victor', 'male', 85, NULL, NULL, NULL, '2025-12-12 14:45:59', '2025-12-12 15:13:43', 2428, 99, 'FR', 32.5, NULL, NULL),
(19, 'zizi@zizi.com', '$2b$10$8nkG37hKNLGOGSKeJjmwfOYzlfZ/pdTRdmCPL.ShQzAIxxcFA4pli', 200, 27, 'zizi', 'male', 85, 'bc62b5e089f2bcb9a32d84729e06d7167e24a6f7', 'f245a2d974e5636ab95d5157caa3fbc99fbd3d6b', 1767647387, '2026-01-05 15:03:30', '2026-01-05 15:09:47', NULL, NULL, 'FR', 27.5, NULL, NULL);

-- --------------------------------------------------------

--
-- Structure de la table `Weights`
--

CREATE TABLE `Weights` (
  `id` int NOT NULL,
  `weight` float NOT NULL,
  `date` date NOT NULL,
  `createdAt` datetime NOT NULL,
  `updatedAt` datetime NOT NULL,
  `userId` int DEFAULT NULL
) ENGINE=InnoDB DEFAULT CHARSET=utf8mb4 COLLATE=utf8mb4_0900_ai_ci;

--
-- Déchargement des données de la table `Weights`
--

INSERT INTO `Weights` (`id`, `weight`, `date`, `createdAt`, `updatedAt`, `userId`) VALUES
(1, 105, '2025-02-28', '2025-02-28 00:00:00', '2025-02-28 00:00:00', 1),
(2, 104.4, '2025-03-01', '2025-03-01 00:00:00', '2025-03-01 00:00:00', 1),
(3, 104.1, '2025-03-10', '2025-03-10 00:00:00', '2025-03-10 00:00:00', 1),
(4, 103.8, '2025-03-20', '2025-03-20 00:00:00', '2025-03-20 00:00:00', 1),
(5, 103.2, '2025-04-01', '2025-04-01 00:00:00', '2025-04-01 00:00:00', 1),
(6, 102.9, '2025-04-10', '2025-04-10 00:00:00', '2025-04-10 00:00:00', 1),
(7, 102.6, '2025-04-20', '2025-04-20 00:00:00', '2025-04-20 00:00:00', 1),
(8, 102.1, '2025-05-01', '2025-05-01 00:00:00', '2025-05-01 00:00:00', 1),
(9, 101.8, '2025-05-10', '2025-05-10 00:00:00', '2025-05-10 00:00:00', 1),
(10, 101.6, '2025-05-20', '2025-05-20 00:00:00', '2025-05-20 00:00:00', 1),
(11, 101, '2025-06-01', '2025-06-01 00:00:00', '2025-06-01 00:00:00', 1),
(12, 100.8, '2025-06-10', '2025-06-10 00:00:00', '2025-06-10 00:00:00', 1),
(13, 100.5, '2025-06-20', '2025-06-20 00:00:00', '2025-06-20 00:00:00', 1),
(14, 100.1, '2025-07-01', '2025-07-01 00:00:00', '2025-07-01 00:00:00', 1),
(15, 99.8, '2025-07-10', '2025-07-10 00:00:00', '2025-07-10 00:00:00', 1),
(16, 99.4, '2025-07-20', '2025-07-20 00:00:00', '2025-07-20 00:00:00', 1),
(17, 99, '2025-08-01', '2025-08-01 00:00:00', '2025-08-01 00:00:00', 1),
(18, 98.7, '2025-08-10', '2025-08-10 00:00:00', '2025-08-10 00:00:00', 1),
(19, 98.4, '2025-08-20', '2025-08-20 00:00:00', '2025-08-20 00:00:00', 1),
(20, 97.9, '2025-09-01', '2025-09-01 00:00:00', '2025-09-01 00:00:00', 1),
(21, 97.6, '2025-09-10', '2025-09-10 00:00:00', '2025-09-10 00:00:00', 1),
(22, 97.3, '2025-09-20', '2025-09-20 00:00:00', '2025-09-20 00:00:00', 1),
(23, 96.7, '2025-10-01', '2025-10-01 00:00:00', '2025-10-01 00:00:00', 1),
(24, 96.4, '2025-10-10', '2025-10-10 00:00:00', '2025-10-10 00:00:00', 1),
(25, 96.1, '2025-10-20', '2025-10-20 00:00:00', '2025-10-20 00:00:00', 1),
(26, 95.5, '2025-11-01', '2025-11-01 00:00:00', '2025-11-01 00:00:00', 1),
(27, 95.2, '2025-11-10', '2025-11-10 00:00:00', '2025-11-10 00:00:00', 1),
(28, 94.9, '2025-11-15', '2025-11-15 00:00:00', '2025-11-15 00:00:00', 1),
(29, 91, '2025-11-20', '2025-11-20 14:00:09', '2025-11-20 14:00:09', 1),
(30, 94, '2025-11-20', '2025-11-20 17:48:14', '2025-11-20 17:48:14', 1),
(31, 93, '2025-11-21', '2025-11-21 10:20:27', '2025-11-21 10:20:27', 1),
(32, 78, '2025-11-21', '2025-11-21 13:24:03', '2025-11-21 13:24:03', 5),
(33, 81, '2025-12-21', '2025-11-21 13:24:23', '2025-11-21 13:24:23', 5),
(34, 98, '2026-01-21', '2025-11-21 13:24:47', '2025-11-21 13:24:47', 5),
(35, 67, '2026-02-21', '2025-11-21 13:25:00', '2025-11-21 13:25:00', 5),
(36, 80, '2025-11-21', '2025-11-21 13:36:04', '2025-11-21 13:36:04', 7),
(37, 97, '2025-11-21', '2025-11-21 13:56:49', '2025-11-21 13:56:49', 8),
(38, 85, '2025-11-21', '2025-11-21 14:06:51', '2025-11-21 14:06:51', 9),
(39, 130, '2025-11-21', '2025-11-21 15:07:52', '2025-11-21 15:07:52', 10),
(40, 130, '2025-11-21', '2025-11-21 15:24:30', '2025-11-21 15:24:30', 12),
(41, 65, '2025-11-21', '2025-11-21 15:43:00', '2025-11-21 15:43:00', 13),
(42, 98, '2025-11-24', '2025-11-24 08:40:22', '2025-11-24 08:40:22', 14),
(43, 93, '2025-11-24', '2025-11-24 10:41:15', '2025-11-24 10:41:15', 1),
(44, 105, '2025-11-26', '2025-11-26 08:44:23', '2025-11-26 08:44:23', 17),
(45, 105.3, '2025-11-27', '2025-11-27 11:08:12', '2025-11-27 11:08:12', 17),
(46, 92.7, '2025-11-27', '2025-11-27 13:04:30', '2025-11-27 13:04:30', 1),
(47, 89, '2025-12-12', '2025-12-12 13:26:14', '2025-12-12 13:26:14', 1),
(48, 130, '2025-12-12', '2025-12-12 14:46:53', '2025-12-12 14:46:53', 18),
(49, 94, '2025-12-21', '2025-12-21 12:05:16', '2025-12-21 12:05:16', 1),
(50, 110, '2026-01-05', '2026-01-05 15:04:00', '2026-01-05 15:04:00', 19),
(51, 100, '2026-01-05', '2026-01-05 15:30:21', '2026-01-05 15:30:21', 1),
(52, 98, '2026-03-04', '2026-03-04 19:21:47', '2026-03-04 19:21:47', 1),
(53, 95, '2026-03-06', '2026-03-06 15:27:59', '2026-03-06 15:27:59', 1);

--
-- Index pour les tables déchargées
--

--
-- Index pour la table `Activities`
--
ALTER TABLE `Activities`
  ADD PRIMARY KEY (`id`),
  ADD UNIQUE KEY `stravaId` (`stravaId`),
  ADD KEY `userId` (`userId`);

--
-- Index pour la table `Goals`
--
ALTER TABLE `Goals`
  ADD PRIMARY KEY (`id`),
  ADD KEY `goals_user_id` (`userId`),
  ADD KEY `goals_user_id_active` (`userId`,`active`);

--
-- Index pour la table `RefreshTokens`
--
ALTER TABLE `RefreshTokens`
  ADD PRIMARY KEY (`id`),
  ADD UNIQUE KEY `token` (`token`),
  ADD UNIQUE KEY `token_2` (`token`),
  ADD UNIQUE KEY `token_3` (`token`),
  ADD UNIQUE KEY `token_4` (`token`),
  ADD UNIQUE KEY `token_5` (`token`),
  ADD UNIQUE KEY `token_6` (`token`),
  ADD UNIQUE KEY `token_7` (`token`),
  ADD UNIQUE KEY `token_8` (`token`),
  ADD UNIQUE KEY `token_9` (`token`),
  ADD UNIQUE KEY `token_10` (`token`),
  ADD UNIQUE KEY `token_11` (`token`),
  ADD UNIQUE KEY `token_12` (`token`),
  ADD UNIQUE KEY `token_13` (`token`),
  ADD UNIQUE KEY `token_14` (`token`),
  ADD UNIQUE KEY `token_15` (`token`),
  ADD UNIQUE KEY `token_16` (`token`),
  ADD UNIQUE KEY `token_17` (`token`),
  ADD UNIQUE KEY `token_18` (`token`),
  ADD UNIQUE KEY `token_19` (`token`),
  ADD UNIQUE KEY `token_20` (`token`),
  ADD UNIQUE KEY `token_21` (`token`),
  ADD UNIQUE KEY `token_22` (`token`),
  ADD UNIQUE KEY `token_23` (`token`),
  ADD UNIQUE KEY `token_24` (`token`),
  ADD UNIQUE KEY `token_25` (`token`),
  ADD UNIQUE KEY `token_26` (`token`),
  ADD UNIQUE KEY `token_27` (`token`),
  ADD UNIQUE KEY `token_28` (`token`),
  ADD UNIQUE KEY `token_29` (`token`),
  ADD UNIQUE KEY `token_30` (`token`),
  ADD UNIQUE KEY `token_31` (`token`),
  ADD UNIQUE KEY `token_32` (`token`),
  ADD UNIQUE KEY `token_33` (`token`),
  ADD UNIQUE KEY `token_34` (`token`),
  ADD UNIQUE KEY `token_35` (`token`),
  ADD UNIQUE KEY `token_36` (`token`),
  ADD UNIQUE KEY `token_37` (`token`),
  ADD UNIQUE KEY `token_38` (`token`),
  ADD UNIQUE KEY `token_39` (`token`),
  ADD UNIQUE KEY `token_40` (`token`),
  ADD UNIQUE KEY `token_41` (`token`),
  ADD UNIQUE KEY `token_42` (`token`),
  ADD UNIQUE KEY `token_43` (`token`),
  ADD UNIQUE KEY `token_44` (`token`),
  ADD UNIQUE KEY `token_45` (`token`),
  ADD UNIQUE KEY `token_46` (`token`),
  ADD UNIQUE KEY `token_47` (`token`),
  ADD UNIQUE KEY `token_48` (`token`),
  ADD UNIQUE KEY `token_49` (`token`),
  ADD UNIQUE KEY `token_50` (`token`),
  ADD UNIQUE KEY `token_51` (`token`),
  ADD UNIQUE KEY `token_52` (`token`),
  ADD UNIQUE KEY `token_53` (`token`),
  ADD UNIQUE KEY `token_54` (`token`),
  ADD UNIQUE KEY `token_55` (`token`),
  ADD UNIQUE KEY `token_56` (`token`),
  ADD UNIQUE KEY `token_57` (`token`),
  ADD UNIQUE KEY `token_58` (`token`),
  ADD UNIQUE KEY `token_59` (`token`),
  ADD UNIQUE KEY `token_60` (`token`),
  ADD UNIQUE KEY `token_61` (`token`),
  ADD UNIQUE KEY `token_62` (`token`),
  ADD KEY `userId` (`userId`);

--
-- Index pour la table `Users`
--
ALTER TABLE `Users`
  ADD PRIMARY KEY (`id`),
  ADD UNIQUE KEY `email` (`email`),
  ADD UNIQUE KEY `email_2` (`email`),
  ADD UNIQUE KEY `email_3` (`email`),
  ADD UNIQUE KEY `email_4` (`email`),
  ADD UNIQUE KEY `email_5` (`email`),
  ADD UNIQUE KEY `email_6` (`email`),
  ADD UNIQUE KEY `email_7` (`email`),
  ADD UNIQUE KEY `email_8` (`email`),
  ADD UNIQUE KEY `email_9` (`email`),
  ADD UNIQUE KEY `email_10` (`email`),
  ADD UNIQUE KEY `email_11` (`email`),
  ADD UNIQUE KEY `email_12` (`email`),
  ADD UNIQUE KEY `email_13` (`email`),
  ADD UNIQUE KEY `email_14` (`email`),
  ADD UNIQUE KEY `email_15` (`email`),
  ADD UNIQUE KEY `email_16` (`email`),
  ADD UNIQUE KEY `email_17` (`email`),
  ADD UNIQUE KEY `email_18` (`email`),
  ADD UNIQUE KEY `email_19` (`email`),
  ADD UNIQUE KEY `email_20` (`email`),
  ADD UNIQUE KEY `email_21` (`email`),
  ADD UNIQUE KEY `email_22` (`email`),
  ADD UNIQUE KEY `email_23` (`email`),
  ADD UNIQUE KEY `email_24` (`email`),
  ADD UNIQUE KEY `email_25` (`email`),
  ADD UNIQUE KEY `email_26` (`email`),
  ADD UNIQUE KEY `email_27` (`email`),
  ADD UNIQUE KEY `email_28` (`email`),
  ADD UNIQUE KEY `email_29` (`email`),
  ADD UNIQUE KEY `email_30` (`email`),
  ADD UNIQUE KEY `email_31` (`email`),
  ADD UNIQUE KEY `email_32` (`email`),
  ADD UNIQUE KEY `email_33` (`email`),
  ADD UNIQUE KEY `email_34` (`email`),
  ADD UNIQUE KEY `email_35` (`email`),
  ADD UNIQUE KEY `email_36` (`email`),
  ADD UNIQUE KEY `email_37` (`email`),
  ADD UNIQUE KEY `email_38` (`email`),
  ADD UNIQUE KEY `email_39` (`email`),
  ADD UNIQUE KEY `email_40` (`email`),
  ADD UNIQUE KEY `email_41` (`email`),
  ADD UNIQUE KEY `email_42` (`email`),
  ADD UNIQUE KEY `email_43` (`email`),
  ADD UNIQUE KEY `email_44` (`email`),
  ADD UNIQUE KEY `email_45` (`email`),
  ADD UNIQUE KEY `email_46` (`email`),
  ADD UNIQUE KEY `email_47` (`email`),
  ADD UNIQUE KEY `email_48` (`email`),
  ADD UNIQUE KEY `email_49` (`email`),
  ADD UNIQUE KEY `email_50` (`email`),
  ADD UNIQUE KEY `email_51` (`email`),
  ADD UNIQUE KEY `email_52` (`email`),
  ADD UNIQUE KEY `email_53` (`email`),
  ADD UNIQUE KEY `email_54` (`email`),
  ADD UNIQUE KEY `email_55` (`email`),
  ADD UNIQUE KEY `email_56` (`email`),
  ADD UNIQUE KEY `email_57` (`email`),
  ADD UNIQUE KEY `email_58` (`email`),
  ADD UNIQUE KEY `email_59` (`email`),
  ADD UNIQUE KEY `email_60` (`email`),
  ADD UNIQUE KEY `email_61` (`email`),
  ADD UNIQUE KEY `email_62` (`email`),
  ADD UNIQUE KEY `email_63` (`email`);

--
-- Index pour la table `Weights`
--
ALTER TABLE `Weights`
  ADD PRIMARY KEY (`id`),
  ADD KEY `userId` (`userId`);

--
-- AUTO_INCREMENT pour les tables déchargées
--

--
-- AUTO_INCREMENT pour la table `Activities`
--
ALTER TABLE `Activities`
  MODIFY `id` int NOT NULL AUTO_INCREMENT, AUTO_INCREMENT=97;

--
-- AUTO_INCREMENT pour la table `Goals`
--
ALTER TABLE `Goals`
  MODIFY `id` int NOT NULL AUTO_INCREMENT;

--
-- AUTO_INCREMENT pour la table `RefreshTokens`
--
ALTER TABLE `RefreshTokens`
  MODIFY `id` int NOT NULL AUTO_INCREMENT, AUTO_INCREMENT=22;

--
-- AUTO_INCREMENT pour la table `Users`
--
ALTER TABLE `Users`
  MODIFY `id` int NOT NULL AUTO_INCREMENT, AUTO_INCREMENT=20;

--
-- AUTO_INCREMENT pour la table `Weights`
--
ALTER TABLE `Weights`
  MODIFY `id` int NOT NULL AUTO_INCREMENT, AUTO_INCREMENT=54;

--
-- Contraintes pour les tables déchargées
--

--
-- Contraintes pour la table `Activities`
--
ALTER TABLE `Activities`
  ADD CONSTRAINT `activities_ibfk_1` FOREIGN KEY (`userId`) REFERENCES `Users` (`id`) ON DELETE CASCADE ON UPDATE CASCADE;

--
-- Contraintes pour la table `RefreshTokens`
--
ALTER TABLE `RefreshTokens`
  ADD CONSTRAINT `refreshtokens_ibfk_1` FOREIGN KEY (`userId`) REFERENCES `Users` (`id`) ON DELETE CASCADE ON UPDATE CASCADE;

--
-- Contraintes pour la table `Weights`
--
ALTER TABLE `Weights`
  ADD CONSTRAINT `weights_ibfk_1` FOREIGN KEY (`userId`) REFERENCES `Users` (`id`) ON DELETE CASCADE ON UPDATE CASCADE;
COMMIT;

/*!40101 SET CHARACTER_SET_CLIENT=@OLD_CHARACTER_SET_CLIENT */;
/*!40101 SET CHARACTER_SET_RESULTS=@OLD_CHARACTER_SET_RESULTS */;
/*!40101 SET COLLATION_CONNECTION=@OLD_COLLATION_CONNECTION */;
